project_id,sector,implementing_agency,sanctioned_cost_cr,sanctioned_duration_months,start_date,elapsed_time_pct,fund_utilization_pct,physical_progress_pct,cost_overrun_pct,delay_months,risk_label
PRJ0001,Urban Infrastructure,State PWD,99.3,24,2021-03-13,0.41,0.321,0.262,0.126,5.1,Medium
PRJ0002,Irrigation,Indian Railways,19.65,36,2023-08-17,0.301,0.3,0.275,0.172,4.1,Medium
PRJ0003,Railways,Municipal Corporation,69.71,24,2023-11-05,0.813,0.768,0.72,0.179,4.4,Medium
PRJ0004,Roads & Highways,Municipal Corporation,52.84,24,2020-11-24,0.318,0.22,0.172,0.174,6.5,Medium
PRJ0005,Power,CPWD,14.7,36,2021-02-04,0.529,0.437,0.311,0.187,9.8,Medium
PRJ0006,Railways,CPWD,204.58,60,2022-08-02,0.659,0.546,0.482,0.278,18.5,Medium
PRJ0007,Railways,NHAI,79.68,12,2022-12-14,0.382,0.38,0.369,0.111,2.5,Medium
PRJ0008,Power,NTPC,144.97,36,2019-05-14,0.694,0.449,0.45,0.165,12.5,Medium
PRJ0009,Irrigation,NTPC,9.66,24,2020-11-20,1.369,1.286,1.2,0.236,4.8,Medium
PRJ0010,Power,NHAI,21.58,36,2019-07-19,0.783,0.533,0.54,0.347,9.2,High
PRJ0011,Urban Infrastructure,CPWD,75.75,24,2020-01-01,1.337,1.123,1.059,0.133,7.5,Medium
PRJ0012,Roads & Highways,State PWD,146.39,48,2022-12-17,0.505,0.484,0.43,0.093,5.1,Low
PRJ0013,Roads & Highways,NTPC,221.65,48,2019-01-13,0.862,0.661,0.514,0.197,15.5,Medium
PRJ0014,Power,CPWD,22.59,18,2021-10-01,0.744,0.466,0.367,0.29,5.7,High
PRJ0015,Power,NHAI,33.58,18,2022-02-15,1.049,0.852,0.73,0.232,9.7,High
PRJ0016,Power,NTPC,211.65,18,2022-12-16,0.817,0.812,0.682,0.252,4.7,Medium
PRJ0017,Roads & Highways,Municipal Corporation,458.16,48,2020-08-09,0.542,0.48,0.472,0.193,4.3,Medium
PRJ0018,Roads & Highways,NHAI,40.57,24,2021-07-20,1.221,1.063,1.018,0.149,3.1,Medium
PRJ0019,Railways,NTPC,27.44,60,2021-07-18,0.587,0.586,0.608,0.159,9.1,Medium
PRJ0020,Roads & Highways,NHAI,64.56,18,2022-07-30,1.287,1.229,1.195,0.082,2.7,Low
PRJ0021,Urban Infrastructure,CPWD,139.69,24,2023-08-20,1.371,0.978,0.789,0.363,8.5,High
PRJ0022,Irrigation,NHAI,22.57,18,2019-02-02,0.843,0.566,0.469,0.301,8.8,High
PRJ0023,Roads & Highways,Municipal Corporation,665.59,18,2021-11-27,1.377,1.094,1.113,0.286,1.9,Medium
PRJ0024,Roads & Highways,Municipal Corporation,21.5,36,2023-04-05,0.553,0.442,0.398,0.122,6.8,Medium
PRJ0025,Irrigation,CPWD,47.63,60,2023-10-01,1.238,0.889,0.742,0.331,29.9,High
PRJ0026,Railways,NHAI,140.06,24,2023-02-28,1.323,0.831,0.643,0.321,18.2,High
PRJ0027,Power,Indian Railways,80.93,36,2022-06-18,0.695,0.499,0.491,0.245,10.1,Medium
PRJ0028,Irrigation,Municipal Corporation,72.45,24,2021-06-21,1.178,1.013,0.958,0.241,7.2,Medium
PRJ0029,Urban Infrastructure,Indian Railways,65.47,12,2021-04-18,0.897,0.641,0.581,0.149,3.2,Medium
PRJ0030,Urban Infrastructure,State PWD,180.88,24,2022-10-17,0.537,0.456,0.333,0.19,4.6,Medium
PRJ0031,Power,Municipal Corporation,12.95,36,2020-03-27,0.503,0.318,0.27,0.111,9.9,Medium
PRJ0032,Railways,NHAI,64.9,24,2020-03-07,0.403,0.271,0.279,0.238,8.8,High
PRJ0033,Irrigation,CPWD,14.85,12,2020-09-07,0.401,0.256,0.207,0.223,2.4,Medium
PRJ0034,Irrigation,Indian Railways,182.45,36,2022-02-17,0.35,0.262,0.241,0.282,7.2,Medium
PRJ0035,Irrigation,State PWD,43.7,24,2023-08-20,0.933,0.705,0.652,0.242,11.3,High
PRJ0036,Irrigation,Municipal Corporation,6.38,24,2023-09-27,1.296,0.879,0.637,0.34,14.4,High
PRJ0037,Roads & Highways,Indian Railways,144.53,12,2023-01-06,0.61,0.395,0.373,0.145,4.3,Medium
PRJ0038,Urban Infrastructure,NHAI,76.56,48,2020-05-22,0.495,0.446,0.438,0.129,5.7,Medium
PRJ0039,Railways,NHAI,26.15,60,2023-03-26,0.772,0.695,0.67,0.269,14.4,Medium
PRJ0040,Irrigation,NTPC,55.87,12,2019-04-07,1.354,1.272,1.048,0.253,4.7,High
PRJ0041,Urban Infrastructure,NTPC,21.36,12,2021-12-20,0.909,0.623,0.642,0.17,2.9,Medium
PRJ0042,Irrigation,Indian Railways,71.83,60,2023-11-28,0.361,0.323,0.288,0.237,11.0,Medium
PRJ0043,Roads & Highways,State PWD,41.09,18,2020-12-14,1.281,0.844,0.742,0.282,9.4,High
PRJ0044,Irrigation,NHAI,10.94,48,2020-03-02,1.298,1.086,0.894,0.255,23.7,High
PRJ0045,Urban Infrastructure,CPWD,17.79,18,2021-02-21,0.579,0.441,0.397,0.191,5.2,Medium
PRJ0046,Roads & Highways,NHAI,127.13,36,2020-03-03,0.74,0.586,0.427,0.056,12.8,Medium
PRJ0047,Railways,Municipal Corporation,57.41,18,2019-03-20,1.317,1.274,1.005,0.289,6.1,High
PRJ0048,Roads & Highways,NHAI,69.33,36,2021-03-29,0.99,0.826,0.838,0.241,5.2,Medium
PRJ0049,Railways,Municipal Corporation,14.44,18,2020-04-23,0.696,0.49,0.421,0.331,8.8,High
PRJ0050,Irrigation,State PWD,10.57,60,2023-01-20,1.345,1.197,1.095,0.26,18.5,Medium
PRJ0051,Railways,NTPC,199.81,60,2019-09-28,0.954,0.717,0.746,0.248,17.9,Medium
PRJ0052,Railways,NHAI,74.19,24,2020-05-07,0.362,0.342,0.337,0.277,4.0,Medium
PRJ0053,Irrigation,Indian Railways,33.28,24,2019-08-21,1.349,1.137,0.887,0.313,13.2,High
PRJ0054,Urban Infrastructure,Indian Railways,297.53,24,2021-05-07,1.215,0.878,0.866,0.267,10.4,High
PRJ0055,Irrigation,State PWD,193.37,60,2022-01-16,1.379,1.162,1.073,0.301,20.1,High
PRJ0056,Railways,Municipal Corporation,62.06,24,2021-03-22,1.302,0.936,0.827,0.36,13.1,High
PRJ0057,Railways,NHAI,8.38,24,2023-10-31,0.842,0.616,0.568,0.247,8.1,Medium
PRJ0058,Roads & Highways,NTPC,50.26,12,2022-02-27,0.5,0.369,0.374,0.224,1.4,Medium
PRJ0059,Railways,State PWD,30.47,18,2019-06-09,0.433,0.339,0.262,0.189,4.8,Medium
PRJ0060,Irrigation,NTPC,4.43,12,2022-12-09,0.991,0.627,0.63,0.294,3.9,High
PRJ0061,Roads & Highways,NTPC,30.46,24,2021-05-22,0.98,0.733,0.631,0.144,9.3,Medium
PRJ0062,Power,Municipal Corporation,18.42,12,2021-03-16,0.886,0.617,0.49,0.243,5.0,High
PRJ0063,Roads & Highways,NHAI,26.81,12,2023-05-22,0.953,0.831,0.811,0.067,0.7,Low
PRJ0064,Railways,NHAI,54.4,24,2020-11-12,0.671,0.644,0.588,0.211,2.2,Medium
PRJ0065,Irrigation,NHAI,36.69,18,2020-03-18,0.477,0.322,0.257,0.21,5.2,Medium
PRJ0066,Irrigation,Municipal Corporation,21.89,60,2023-06-02,0.934,0.903,0.634,0.239,21.8,High
PRJ0067,Power,CPWD,60.9,24,2020-05-18,1.146,0.774,0.629,0.329,12.9,High
PRJ0068,Roads & Highways,Municipal Corporation,2.68,12,2022-01-04,0.617,0.514,0.388,0.277,0.5,Medium
PRJ0069,Roads & Highways,CPWD,21.19,12,2023-11-17,0.655,0.605,0.477,0.109,4.0,Medium
PRJ0070,Power,CPWD,127.59,24,2020-09-19,1.322,1.233,1.2,0.225,4.0,Medium
PRJ0071,Roads & Highways,Indian Railways,93.4,48,2019-09-09,1.175,0.8,0.606,0.32,25.1,High
PRJ0072,Power,CPWD,34.36,24,2020-10-07,1.265,0.958,0.944,0.135,7.2,Medium
PRJ0073,Power,State PWD,173.6,24,2020-02-22,1.29,0.972,0.865,0.249,11.0,High
PRJ0074,Power,CPWD,127.48,60,2022-02-03,0.668,0.438,0.429,0.267,21.2,High
PRJ0075,Power,Municipal Corporation,158.71,12,2020-01-04,1.085,0.866,0.835,0.28,3.8,Medium
PRJ0076,Urban Infrastructure,State PWD,19.26,12,2020-12-16,1.177,0.777,0.606,0.295,7.8,High
PRJ0077,Power,NTPC,356.66,24,2023-01-28,1.355,0.999,0.779,0.391,11.1,High
PRJ0078,Power,Municipal Corporation,28.06,60,2019-09-08,0.411,0.289,0.275,0.146,13.1,Medium
PRJ0079,Urban Infrastructure,State PWD,69.31,18,2021-11-03,0.967,0.745,0.713,0.2,3.4,Medium
PRJ0080,Irrigation,Indian Railways,47.54,48,2019-08-13,1.313,1.245,1.097,0.139,16.0,Medium
PRJ0081,Roads & Highways,State PWD,177.34,12,2020-08-23,0.738,0.601,0.615,0.117,0.0,Low
PRJ0082,Railways,NTPC,13.14,24,2020-02-09,0.798,0.524,0.399,0.148,10.6,Medium
PRJ0083,Roads & Highways,NHAI,24.78,18,2020-01-18,0.867,0.858,0.739,0.162,4.5,Medium
PRJ0084,Irrigation,NHAI,66.26,18,2020-07-11,0.737,0.568,0.557,0.196,1.4,Medium
PRJ0085,Roads & Highways,State PWD,180.32,24,2020-06-13,1.085,0.88,0.781,0.172,6.3,Medium
PRJ0086,Power,Municipal Corporation,1.08,18,2023-04-01,1.341,1.005,0.798,0.23,12.3,High
PRJ0087,Urban Infrastructure,Indian Railways,41.16,24,2020-04-01,0.516,0.414,0.376,0.194,5.6,Medium
PRJ0088,Power,NHAI,6.9,24,2022-07-21,1.186,1.181,1.076,0.094,3.3,Low
PRJ0089,Railways,Indian Railways,8.7,48,2023-01-11,0.676,0.476,0.396,0.34,14.5,High
PRJ0090,Irrigation,State PWD,106.34,24,2021-09-20,0.78,0.56,0.578,0.205,7.2,Medium
PRJ0091,Railways,CPWD,159.02,36,2021-02-04,0.325,0.23,0.204,0.24,6.0,Medium
PRJ0092,Power,CPWD,123.67,60,2021-08-04,0.489,0.347,0.245,0.154,18.8,Medium
PRJ0093,Roads & Highways,State PWD,169.37,18,2019-01-20,0.451,0.433,0.435,0.141,3.7,Medium
PRJ0094,Roads & Highways,State PWD,307.21,18,2023-07-04,0.761,0.573,0.505,0.188,5.0,Medium
PRJ0095,Urban Infrastructure,NTPC,27.86,18,2020-10-02,1.091,0.784,0.704,0.132,9.9,High
PRJ0096,Irrigation,NHAI,39.06,18,2021-08-29,0.478,0.448,0.446,0.152,5.9,Medium
PRJ0097,Roads & Highways,NHAI,17.28,36,2021-12-12,0.806,0.508,0.369,0.104,16.1,Medium
PRJ0098,Roads & Highways,State PWD,28.39,36,2022-05-28,0.873,0.554,0.574,0.195,12.6,Medium
PRJ0099,Roads & Highways,State PWD,136.64,18,2021-05-30,0.543,0.541,0.557,0.13,2.2,Medium
PRJ0100,Irrigation,NHAI,63.26,18,2019-07-27,0.764,0.701,0.674,0.192,2.3,Medium
PRJ0101,Power,Indian Railways,240.48,24,2021-10-06,0.829,0.791,0.701,0.295,1.9,Medium
PRJ0102,Roads & Highways,Municipal Corporation,13.3,36,2020-07-27,0.988,0.943,0.864,0.118,7.2,Medium
PRJ0103,Power,NTPC,30.91,24,2022-02-03,1.261,1.253,1.2,0.242,1.2,Medium
PRJ0104,Irrigation,NHAI,7.89,18,2019-07-18,0.69,0.493,0.396,0.138,4.4,Medium
PRJ0105,Urban Infrastructure,Municipal Corporation,101.43,60,2023-05-11,0.961,0.924,0.967,0.044,4.1,Low
PRJ0106,Urban Infrastructure,State PWD,57.96,36,2021-12-29,0.864,0.598,0.456,0.183,13.4,Medium
PRJ0107,Power,CPWD,96.24,18,2021-07-21,0.957,0.775,0.613,0.315,4.1,Medium
PRJ0108,Roads & Highways,NTPC,1779.54,48,2020-02-08,0.546,0.445,0.404,0.224,8.4,Medium
PRJ0109,Roads & Highways,NTPC,44.74,12,2023-03-14,0.339,0.248,0.254,0.022,0.1,Low
PRJ0110,Urban Infrastructure,CPWD,159.55,18,2022-07-26,0.845,0.535,0.415,0.214,7.8,High
PRJ0111,Roads & Highways,Indian Railways,1.19,24,2023-01-24,0.683,0.595,0.534,0.074,5.1,Medium
PRJ0112,Power,Municipal Corporation,36.77,48,2023-04-11,1.079,1.009,0.952,0.239,12.2,Medium
PRJ0113,Urban Infrastructure,State PWD,36.33,36,2019-10-17,1.2,1.119,0.982,0.12,9.1,Medium
PRJ0114,Roads & Highways,Indian Railways,57.46,36,2021-08-29,1.158,0.744,0.719,0.228,14.7,High
PRJ0115,Urban Infrastructure,Municipal Corporation,100.78,36,2019-11-09,1.148,1.124,0.852,0.159,12.2,Medium
PRJ0116,Roads & Highways,CPWD,159.91,36,2019-03-24,1.259,1.245,1.2,0.099,4.3,Low
PRJ0117,Irrigation,Municipal Corporation,47.27,36,2022-05-14,0.79,0.561,0.588,0.118,7.7,Medium
PRJ0118,Irrigation,State PWD,4.86,18,2023-02-20,1.15,0.796,0.594,0.208,9.2,High
PRJ0119,Railways,Municipal Corporation,153.91,18,2023-04-12,1.086,0.896,0.775,0.332,4.9,High
PRJ0120,Roads & Highways,NHAI,64.69,12,2019-10-04,0.799,0.649,0.458,0.146,5.3,Medium
PRJ0121,Urban Infrastructure,Indian Railways,215.75,24,2019-07-31,0.438,0.383,0.325,0.196,3.8,Medium
PRJ0122,Irrigation,State PWD,11.32,24,2021-02-18,1.383,0.912,0.787,0.264,16.6,High
PRJ0123,Power,State PWD,72.52,36,2019-09-20,0.413,0.342,0.242,0.231,6.5,Medium
PRJ0124,Roads & Highways,Indian Railways,49.47,36,2023-08-22,0.38,0.309,0.312,0.038,2.3,Low
PRJ0125,Railways,CPWD,150.09,12,2022-04-21,1.347,0.875,0.887,0.353,8.5,High
PRJ0126,Roads & Highways,Indian Railways,250.0,60,2023-09-02,0.988,0.902,0.825,0.277,10.9,Medium
PRJ0127,Urban Infrastructure,CPWD,43.91,36,2021-08-05,1.105,0.699,0.504,0.325,18.8,High
PRJ0128,Irrigation,NTPC,32.06,18,2023-10-23,0.671,0.451,0.441,0.223,8.5,High
PRJ0129,Railways,CPWD,19.56,60,2023-10-21,1.015,0.69,0.648,0.314,24.8,High
PRJ0130,Irrigation,Indian Railways,8.71,36,2021-02-04,0.681,0.509,0.533,0.121,11.3,Medium
PRJ0131,Irrigation,Indian Railways,178.85,60,2021-01-29,0.605,0.506,0.516,0.216,11.8,Medium
PRJ0132,Irrigation,NHAI,13.75,12,2022-07-12,1.3,0.873,0.684,0.315,9.0,High
PRJ0133,Urban Infrastructure,State PWD,127.6,24,2021-12-03,0.48,0.363,0.377,0.009,4.9,Low
PRJ0134,Roads & Highways,Municipal Corporation,13.87,12,2023-10-12,0.799,0.555,0.403,0.186,2.6,Medium
PRJ0135,Railways,Municipal Corporation,41.05,18,2022-01-15,1.077,0.718,0.545,0.383,9.5,High
PRJ0136,Roads & Highways,Municipal Corporation,536.15,24,2023-04-05,0.914,0.746,0.531,0.221,9.6,High
PRJ0137,Irrigation,State PWD,360.44,24,2021-05-13,1.055,0.64,0.52,0.404,13.0,High
PRJ0138,Power,Indian Railways,84.79,18,2021-08-16,0.438,0.286,0.215,0.226,5.3,Medium
PRJ0139,Railways,State PWD,74.01,24,2023-04-12,0.495,0.434,0.431,0.178,4.5,Medium
PRJ0140,Railways,Indian Railways,81.57,36,2023-04-14,0.928,0.568,0.583,0.338,16.3,High
PRJ0141,Power,CPWD,329.24,12,2022-03-30,1.399,0.867,0.903,0.283,7.5,High
PRJ0142,Roads & Highways,State PWD,41.36,24,2022-08-22,1.266,0.965,0.786,0.261,11.4,High
PRJ0143,Railways,State PWD,39.36,48,2019-08-05,0.899,0.541,0.441,0.371,21.7,High
PRJ0144,Irrigation,NTPC,8.95,24,2021-03-18,0.561,0.421,0.328,0.229,6.1,Medium
PRJ0145,Railways,Indian Railways,4.6,48,2021-07-23,0.827,0.505,0.414,0.25,19.8,High
PRJ0146,Irrigation,Municipal Corporation,8.94,24,2020-12-10,0.904,0.813,0.772,0.261,5.4,Medium
PRJ0147,Power,State PWD,41.35,60,2019-04-19,1.328,0.983,0.723,0.329,32.8,High
PRJ0148,Urban Infrastructure,CPWD,49.0,18,2022-12-16,0.893,0.647,0.591,0.136,7.0,Medium
PRJ0149,Urban Infrastructure,Indian Railways,47.1,36,2019-11-23,0.878,0.776,0.572,0.178,8.9,Medium
PRJ0150,Urban Infrastructure,Municipal Corporation,88.63,24,2022-12-21,0.905,0.559,0.515,0.221,10.0,High
PRJ0151,Irrigation,CPWD,234.58,36,2019-11-11,0.697,0.671,0.65,0.24,2.9,Medium
PRJ0152,Urban Infrastructure,Indian Railways,82.48,36,2023-03-13,1.039,0.959,0.929,0.132,4.0,Medium
PRJ0153,Irrigation,NHAI,109.63,18,2019-06-22,0.326,0.279,0.255,0.22,0.7,Medium
PRJ0154,Irrigation,State PWD,73.3,12,2019-09-13,0.602,0.505,0.473,0.114,0.0,Low
PRJ0155,Roads & Highways,NHAI,83.84,18,2023-06-18,1.15,0.812,0.752,0.257,4.3,Medium
PRJ0156,Roads & Highways,NTPC,310.77,18,2022-01-15,0.787,0.734,0.686,0.177,1.6,Medium
PRJ0157,Railways,NTPC,6.09,18,2022-04-20,1.394,1.205,1.079,0.279,6.4,High
PRJ0158,Urban Infrastructure,Indian Railways,364.86,60,2019-11-12,1.059,0.721,0.639,0.272,23.0,High
PRJ0159,Urban Infrastructure,NHAI,4.18,12,2023-10-20,0.322,0.288,0.279,0.087,2.4,Medium
PRJ0160,Urban Infrastructure,CPWD,15.32,18,2022-11-19,1.251,1.055,0.926,0.17,5.3,Medium
PRJ0161,Irrigation,Indian Railways,10.07,18,2021-07-06,1.208,0.86,0.885,0.183,7.2,Medium
PRJ0162,Urban Infrastructure,State PWD,255.26,24,2021-06-21,0.737,0.601,0.553,0.216,8.2,Medium
PRJ0163,Power,Municipal Corporation,29.94,12,2019-10-04,0.546,0.537,0.483,0.221,2.0,Medium
PRJ0164,Irrigation,CPWD,119.15,18,2021-12-27,0.453,0.435,0.43,0.204,2.2,Medium
PRJ0165,Roads & Highways,State PWD,27.93,12,2019-09-01,1.359,1.114,1.157,0.127,0.0,Low
PRJ0166,Urban Infrastructure,Indian Railways,26.81,18,2023-03-13,0.3,0.182,0.166,0.073,0.8,Low
PRJ0167,Irrigation,NTPC,29.4,24,2022-09-19,0.981,0.706,0.6,0.231,8.9,High
PRJ0168,Urban Infrastructure,NHAI,139.76,24,2023-11-30,1.195,1.011,0.816,0.248,12.4,High
PRJ0169,Railways,State PWD,47.4,18,2020-10-23,0.756,0.703,0.673,0.26,2.6,Medium
PRJ0170,Irrigation,Indian Railways,3.16,36,2019-12-08,0.981,0.715,0.71,0.169,12.6,Medium
PRJ0171,Irrigation,State PWD,47.72,18,2022-03-08,0.849,0.6,0.451,0.247,8.8,High
PRJ0172,Power,NHAI,13.98,36,2023-03-28,0.732,0.719,0.537,0.216,8.3,Medium
PRJ0173,Roads & Highways,NHAI,78.08,18,2022-11-07,1.208,0.964,0.805,0.188,4.5,Medium
PRJ0174,Roads & Highways,Municipal Corporation,40.31,24,2023-05-08,0.416,0.414,0.354,0.143,4.4,Medium
PRJ0175,Power,NTPC,22.58,18,2020-09-21,1.152,0.996,0.762,0.317,9.3,High
PRJ0176,Railways,CPWD,120.4,12,2021-07-15,1.289,1.177,0.917,0.286,4.9,High
PRJ0177,Roads & Highways,Indian Railways,157.34,18,2019-08-14,0.822,0.531,0.462,0.199,6.3,Medium
PRJ0178,Urban Infrastructure,Indian Railways,135.97,12,2020-08-31,1.321,0.911,0.757,0.181,3.3,Medium
PRJ0179,Roads & Highways,Indian Railways,42.8,48,2022-03-08,0.614,0.569,0.57,0.086,5.6,Low
PRJ0180,Irrigation,CPWD,22.31,48,2022-08-04,1.154,0.995,0.759,0.28,20.6,High
PRJ0181,Urban Infrastructure,State PWD,30.14,36,2019-06-15,1.362,1.083,0.815,0.258,16.8,High
PRJ0182,Irrigation,State PWD,7.77,36,2022-01-06,0.417,0.275,0.202,0.265,10.5,Medium
PRJ0183,Irrigation,Indian Railways,234.98,36,2023-05-06,0.606,0.41,0.414,0.267,7.6,Medium
PRJ0184,Irrigation,CPWD,178.71,36,2019-12-05,0.691,0.631,0.564,0.155,6.0,Medium
PRJ0185,Power,CPWD,22.22,36,2023-05-15,0.952,0.721,0.608,0.136,11.4,Medium
PRJ0186,Roads & Highways,State PWD,218.95,12,2021-11-24,0.829,0.71,0.513,0.28,6.7,High
PRJ0187,Urban Infrastructure,CPWD,865.8,36,2019-02-11,0.654,0.559,0.421,0.291,10.9,Medium
PRJ0188,Railways,CPWD,138.82,18,2023-01-25,0.872,0.654,0.486,0.261,9.0,High
PRJ0189,Urban Infrastructure,NHAI,288.53,60,2023-08-07,1.007,0.774,0.714,0.262,17.7,Medium
PRJ0190,Urban Infrastructure,NTPC,72.81,36,2023-09-07,0.523,0.432,0.451,0.158,3.3,Medium
PRJ0191,Irrigation,CPWD,6.78,60,2020-04-11,0.773,0.733,0.729,0.181,9.6,Medium
PRJ0192,Railways,State PWD,30.39,36,2022-02-10,0.355,0.341,0.347,0.174,3.3,Medium
PRJ0193,Urban Infrastructure,NHAI,48.9,18,2020-03-20,1.297,0.908,0.722,0.243,9.1,High
PRJ0194,Irrigation,CPWD,306.41,12,2021-05-27,0.337,0.211,0.214,0.257,0.8,Medium
PRJ0195,Roads & Highways,NTPC,122.8,12,2022-04-09,1.36,1.121,1.152,0.142,2.5,Medium
PRJ0196,Roads & Highways,State PWD,28.09,60,2020-04-06,1.02,0.693,0.622,0.208,22.4,Medium
PRJ0197,Urban Infrastructure,NHAI,27.99,12,2022-05-15,0.9,0.893,0.696,0.238,4.3,Medium
PRJ0198,Roads & Highways,NHAI,4.43,36,2020-02-12,1.232,0.95,0.712,0.155,18.0,High
PRJ0199,Railways,Indian Railways,47.68,36,2020-06-07,1.166,0.752,0.62,0.382,17.1,High
PRJ0200,Irrigation,Municipal Corporation,52.45,24,2022-09-27,1.13,0.686,0.51,0.277,15.3,High
PRJ0201,Power,State PWD,77.42,36,2019-02-18,0.372,0.292,0.297,0.182,5.7,Medium
PRJ0202,Urban Infrastructure,NHAI,1830.64,24,2019-06-18,0.785,0.533,0.408,0.332,7.8,High
PRJ0203,Roads & Highways,Municipal Corporation,19.34,36,2019-12-19,1.287,1.04,0.891,0.127,11.6,Medium
PRJ0204,Power,State PWD,68.99,60,2020-05-13,1.382,0.907,0.699,0.287,39.7,High
PRJ0205,Urban Infrastructure,CPWD,24.3,48,2022-12-17,0.856,0.844,0.715,0.15,7.2,Medium
PRJ0206,Railways,NTPC,87.46,18,2019-01-23,0.916,0.743,0.707,0.209,6.2,Medium
PRJ0207,Irrigation,NHAI,65.71,36,2020-07-19,0.818,0.76,0.654,0.28,8.6,Medium
PRJ0208,Power,Municipal Corporation,4.65,18,2019-11-09,1.083,1.008,0.741,0.208,6.2,Medium
PRJ0209,Roads & Highways,NTPC,322.76,36,2022-01-22,0.688,0.644,0.557,0.161,5.8,Medium
PRJ0210,Urban Infrastructure,State PWD,63.38,36,2020-08-08,1.055,0.662,0.504,0.23,19.2,High
PRJ0211,Power,Municipal Corporation,37.73,24,2019-05-04,1.139,0.87,0.84,0.254,8.0,Medium
PRJ0212,Roads & Highways,NTPC,75.96,12,2023-06-06,1.016,0.965,0.675,0.161,2.2,Medium
PRJ0213,Urban Infrastructure,State PWD,5.0,60,2019-07-19,0.765,0.472,0.452,0.221,18.9,Medium
PRJ0214,Roads & Highways,NTPC,86.82,60,2023-01-26,1.069,1.001,1.044,0.154,7.6,Medium
PRJ0215,Urban Infrastructure,NHAI,112.77,12,2022-06-20,0.895,0.571,0.448,0.215,5.1,High
PRJ0216,Roads & Highways,CPWD,39.11,24,2020-06-19,0.63,0.565,0.405,0.192,8.2,Medium
PRJ0217,Roads & Highways,State PWD,31.33,24,2020-04-26,1.168,0.969,0.901,0.193,5.3,Medium
PRJ0218,Urban Infrastructure,NHAI,24.85,36,2021-08-03,0.336,0.318,0.23,0.106,5.9,Medium
PRJ0219,Urban Infrastructure,CPWD,95.81,48,2021-03-09,0.968,0.825,0.748,0.243,10.3,Medium
PRJ0220,Urban Infrastructure,Municipal Corporation,129.17,18,2022-11-17,1.368,0.964,0.767,0.294,9.9,High
PRJ0221,Roads & Highways,Indian Railways,33.66,12,2019-09-10,0.604,0.598,0.488,0.006,0.0,Low
PRJ0222,Power,State PWD,49.83,24,2021-11-29,0.891,0.839,0.602,0.247,8.5,High
PRJ0223,Roads & Highways,Indian Railways,3.96,18,2020-12-15,0.349,0.248,0.245,0.035,3.8,Medium
PRJ0224,Irrigation,NTPC,29.0,48,2021-10-31,0.333,0.289,0.207,0.235,10.1,Medium
PRJ0225,Irrigation,NHAI,278.28,48,2022-04-22,0.584,0.508,0.408,0.224,13.2,Medium
PRJ0226,Irrigation,NHAI,86.63,36,2022-05-20,0.426,0.321,0.276,0.17,7.9,Medium
PRJ0227,Urban Infrastructure,Municipal Corporation,43.57,18,2022-09-11,0.754,0.647,0.599,0.19,3.8,Medium
PRJ0228,Railways,NTPC,149.15,60,2022-01-07,1.261,1.122,0.833,0.26,28.3,High
PRJ0229,Roads & Highways,NHAI,8.44,24,2021-11-04,0.348,0.226,0.202,0.086,6.0,Medium
PRJ0230,Roads & Highways,CPWD,21.06,48,2022-05-31,0.773,0.672,0.535,0.194,10.8,Medium
PRJ0231,Urban Infrastructure,Municipal Corporation,97.6,48,2023-07-08,0.774,0.563,0.509,0.21,15.5,Medium
PRJ0232,Urban Infrastructure,Municipal Corporation,8.77,36,2020-11-05,0.484,0.373,0.28,0.137,9.6,Medium
PRJ0233,Urban Infrastructure,NTPC,57.66,36,2020-09-05,0.379,0.289,0.234,0.14,8.1,Medium
PRJ0234,Railways,Municipal Corporation,322.83,24,2021-10-04,0.416,0.277,0.288,0.221,5.6,Medium
PRJ0235,Railways,NTPC,7.81,18,2019-09-22,0.837,0.546,0.541,0.183,4.4,Medium
PRJ0236,Power,CPWD,11.04,36,2023-01-28,1.382,0.989,1.025,0.165,11.8,Medium
PRJ0237,Urban Infrastructure,State PWD,66.8,24,2022-10-03,1.217,0.945,0.761,0.168,9.3,Medium
PRJ0238,Roads & Highways,State PWD,27.58,18,2020-05-01,1.363,1.122,0.922,0.142,7.7,Medium
PRJ0239,Power,State PWD,43.56,24,2023-11-24,1.268,1.077,0.969,0.35,6.4,High
PRJ0240,Irrigation,Municipal Corporation,94.29,48,2022-07-03,1.298,0.847,0.769,0.227,27.4,High
PRJ0241,Urban Infrastructure,CPWD,76.62,12,2022-11-30,0.603,0.574,0.591,0.099,0.8,Low
PRJ0242,Urban Infrastructure,Municipal Corporation,15.03,36,2021-06-04,0.633,0.504,0.445,0.059,10.8,Medium
PRJ0243,Power,NTPC,42.78,36,2023-05-30,0.802,0.623,0.568,0.251,12.4,Medium
PRJ0244,Power,NHAI,83.1,12,2019-01-06,1.004,0.722,0.566,0.221,4.2,Medium
PRJ0245,Irrigation,State PWD,144.6,60,2019-02-24,1.259,1.021,0.941,0.308,23.6,High
PRJ0246,Roads & Highways,NTPC,93.59,18,2023-09-20,0.31,0.309,0.29,0.077,2.6,Low
PRJ0247,Power,NHAI,206.48,12,2019-01-11,1.331,1.236,1.2,0.152,3.0,Medium
PRJ0248,Roads & Highways,Indian Railways,114.22,12,2021-01-03,0.748,0.468,0.385,0.199,4.0,Medium
PRJ0249,Irrigation,Indian Railways,83.9,12,2023-02-24,0.566,0.448,0.337,0.274,5.0,High
PRJ0250,Urban Infrastructure,Indian Railways,212.57,18,2022-12-17,1.322,1.008,1.025,0.204,2.5,Medium
PRJ0251,Roads & Highways,NHAI,59.55,36,2020-10-06,1.013,0.657,0.665,0.18,7.5,Medium
PRJ0252,Railways,Municipal Corporation,66.84,36,2019-05-10,1.051,0.732,0.696,0.306,15.5,High
PRJ0253,Urban Infrastructure,State PWD,70.03,24,2019-10-13,1.27,1.181,1.125,0.172,3.5,Medium
PRJ0254,Roads & Highways,NHAI,10.05,24,2019-03-26,0.604,0.533,0.385,0.178,4.2,Medium
PRJ0255,Irrigation,Municipal Corporation,40.44,18,2023-02-25,0.645,0.59,0.597,0.141,4.0,Medium
PRJ0256,Urban Infrastructure,NTPC,46.94,12,2022-05-21,0.843,0.637,0.587,0.2,2.1,Medium
PRJ0257,Irrigation,State PWD,60.19,18,2019-07-09,1.16,0.995,0.713,0.294,9.1,High
PRJ0258,Urban Infrastructure,NHAI,47.59,24,2019-07-19,0.998,0.906,0.635,0.186,9.1,Medium
PRJ0259,Irrigation,State PWD,324.98,24,2023-04-15,1.104,0.948,0.928,0.238,7.1,Medium
PRJ0260,Urban Infrastructure,Indian Railways,45.57,36,2023-10-21,0.357,0.312,0.27,0.091,5.3,Low
PRJ0261,Power,NTPC,164.4,36,2021-09-05,0.41,0.359,0.281,0.241,7.7,Medium
PRJ0262,Power,NHAI,59.77,36,2020-08-17,1.297,0.916,0.874,0.338,15.1,High
PRJ0263,Urban Infrastructure,NHAI,88.44,12,2019-01-31,1.147,1.059,0.786,0.209,5.8,High
PRJ0264,Railways,Municipal Corporation,24.13,36,2021-10-24,0.925,0.8,0.714,0.255,11.8,Medium
PRJ0265,Power,NHAI,9.9,18,2019-10-02,1.289,1.14,1.172,0.221,2.7,Medium
PRJ0266,Urban Infrastructure,Municipal Corporation,771.33,12,2023-09-21,1.337,1.222,1.2,0.311,2.2,Medium
PRJ0267,Urban Infrastructure,CPWD,13.65,18,2019-09-11,0.985,0.899,0.811,0.115,4.3,Medium
PRJ0268,Urban Infrastructure,Municipal Corporation,36.36,36,2022-12-28,1.342,0.986,0.941,0.172,14.2,Medium
PRJ0269,Railways,Indian Railways,21.79,12,2023-09-21,0.883,0.615,0.538,0.375,4.0,High
PRJ0270,Railways,CPWD,69.9,24,2021-02-18,0.348,0.232,0.199,0.254,6.5,Medium
PRJ0271,Urban Infrastructure,Municipal Corporation,9.41,24,2021-12-04,0.38,0.323,0.337,0.136,3.3,Medium
PRJ0272,Power,State PWD,28.81,60,2023-09-25,0.874,0.866,0.835,0.161,6.3,Medium
PRJ0273,Urban Infrastructure,CPWD,252.58,18,2021-10-14,1.149,0.919,0.647,0.335,6.6,High
PRJ0274,Urban Infrastructure,Indian Railways,106.16,24,2022-12-25,0.579,0.404,0.34,0.356,4.1,Medium
PRJ0275,Roads & Highways,NTPC,260.23,60,2023-09-08,0.935,0.694,0.678,0.166,16.3,Medium
PRJ0276,Power,Indian Railways,9.61,36,2020-03-08,0.511,0.494,0.363,0.112,8.1,Medium
PRJ0277,Roads & Highways,State PWD,34.89,60,2021-11-12,0.78,0.649,0.572,0.173,12.2,Medium
PRJ0278,Urban Infrastructure,Indian Railways,156.6,48,2021-01-25,1.158,0.916,0.8,0.241,15.1,Medium
PRJ0279,Roads & Highways,NTPC,34.02,36,2020-10-17,0.625,0.595,0.512,0.119,4.3,Low
PRJ0280,Urban Infrastructure,NTPC,207.41,24,2021-04-13,0.35,0.251,0.257,0.212,0.2,Low
PRJ0281,Roads & Highways,NHAI,26.71,24,2022-07-25,0.521,0.355,0.25,0.16,8.0,Medium
PRJ0282,Urban Infrastructure,Municipal Corporation,45.66,18,2022-08-10,1.005,0.77,0.744,0.217,5.4,Medium
PRJ0283,Irrigation,NHAI,21.34,12,2020-08-29,1.399,1.067,0.829,0.261,7.2,High
PRJ0284,Roads & Highways,NTPC,306.69,24,2022-09-18,0.323,0.228,0.201,0.21,1.6,Medium
PRJ0285,Roads & Highways,NHAI,9.51,36,2022-09-28,0.413,0.333,0.292,0.152,6.4,Medium
PRJ0286,Railways,NTPC,44.63,48,2019-08-08,0.438,0.411,0.338,0.196,9.2,Medium
PRJ0287,Urban Infrastructure,Municipal Corporation,122.87,24,2021-09-15,0.643,0.51,0.447,0.231,6.6,Medium
PRJ0288,Roads & Highways,NTPC,42.85,36,2019-08-12,1.177,0.996,0.992,0.142,6.0,Medium
PRJ0289,Irrigation,NTPC,76.48,24,2021-02-12,0.64,0.507,0.376,0.333,8.0,High
PRJ0290,Urban Infrastructure,Municipal Corporation,70.31,18,2023-04-18,1.04,0.955,0.753,0.242,8.3,High
PRJ0291,Power,NTPC,58.95,18,2020-07-06,0.688,0.584,0.477,0.183,4.0,Medium
PRJ0292,Power,NHAI,295.04,18,2021-02-17,1.054,0.773,0.556,0.361,8.8,High
PRJ0293,Irrigation,Municipal Corporation,186.63,18,2021-01-23,1.126,0.721,0.575,0.407,9.2,High
PRJ0294,Roads & Highways,Indian Railways,8.71,24,2023-10-25,0.413,0.339,0.353,0.03,2.9,Low
PRJ0295,Urban Infrastructure,NHAI,60.7,12,2021-12-25,0.868,0.778,0.717,0.078,5.1,Medium
PRJ0296,Railways,NTPC,93.52,24,2019-11-06,1.318,0.827,0.703,0.332,17.6,High
PRJ0297,Power,Indian Railways,202.13,36,2020-07-17,0.598,0.502,0.504,0.265,7.3,Medium
PRJ0298,Power,CPWD,79.41,36,2020-11-03,0.356,0.303,0.253,0.195,7.8,Medium
PRJ0299,Power,NHAI,120.86,36,2022-08-23,0.536,0.464,0.406,0.162,6.3,Medium
PRJ0300,Urban Infrastructure,NTPC,198.06,12,2022-12-23,1.247,1.156,1.017,0.21,0.8,Medium
PRJ0301,Roads & Highways,Indian Railways,19.04,36,2023-01-13,0.355,0.342,0.243,0.144,3.8,Medium
PRJ0302,Railways,NHAI,6.92,36,2019-05-27,1.347,1.26,1.2,0.148,9.1,Medium
PRJ0303,Railways,CPWD,142.03,24,2019-05-04,0.708,0.686,0.62,0.275,2.1,Medium
PRJ0304,Urban Infrastructure,NHAI,74.69,48,2022-04-14,1.166,0.912,0.839,0.238,14.4,Medium
PRJ0305,Railways,Municipal Corporation,15.35,36,2021-01-24,0.85,0.777,0.707,0.225,9.3,Medium
PRJ0306,Irrigation,NTPC,12.87,24,2023-07-27,0.416,0.377,0.318,0.124,5.8,Medium
PRJ0307,Irrigation,State PWD,130.24,48,2022-05-18,0.421,0.302,0.244,0.247,12.3,Medium
PRJ0308,Roads & Highways,State PWD,8.8,36,2019-05-18,1.26,1.173,0.91,0.197,13.0,Medium
PRJ0309,Railways,NHAI,118.91,48,2019-07-04,0.732,0.601,0.527,0.256,14.5,Medium
PRJ0310,Railways,NHAI,38.67,18,2021-04-11,0.756,0.458,0.368,0.169,6.3,Medium
PRJ0311,Urban Infrastructure,State PWD,159.72,24,2019-10-18,0.392,0.238,0.181,0.231,5.3,Medium
PRJ0312,Railways,Municipal Corporation,87.14,24,2019-08-02,0.533,0.386,0.293,0.217,6.3,Medium
PRJ0313,Urban Infrastructure,NTPC,5.47,24,2021-08-31,1.066,0.939,0.714,0.26,4.5,Medium
PRJ0314,Roads & Highways,Indian Railways,54.8,12,2023-08-29,1.066,0.851,0.874,0.157,2.5,Medium
PRJ0315,Roads & Highways,State PWD,140.37,18,2021-07-03,0.761,0.462,0.452,0.174,5.4,Medium
PRJ0316,Irrigation,State PWD,23.54,18,2022-07-10,1.27,1.133,1.07,0.203,7.3,High
PRJ0317,Roads & Highways,NTPC,35.64,24,2021-07-08,1.203,0.916,0.797,0.155,9.1,Medium
PRJ0318,Roads & Highways,Indian Railways,43.89,60,2020-01-02,0.374,0.355,0.297,0.133,7.1,Medium
PRJ0319,Urban Infrastructure,Municipal Corporation,28.01,24,2022-12-17,0.777,0.776,0.695,0.137,1.6,Low
PRJ0320,Power,CPWD,25.6,24,2020-10-27,0.35,0.259,0.265,0.232,3.5,Medium
PRJ0321,Roads & Highways,NHAI,73.36,12,2022-10-11,0.942,0.86,0.828,0.199,1.9,Medium
PRJ0322,Roads & Highways,NTPC,257.63,36,2022-01-21,1.116,0.746,0.573,0.282,18.4,High
PRJ0323,Roads & Highways,NTPC,274.77,48,2021-09-01,1.134,0.82,0.693,0.227,18.4,High
PRJ0324,Power,NHAI,285.99,18,2020-01-22,0.767,0.739,0.648,0.192,5.9,Medium
PRJ0325,Railways,Indian Railways,49.91,24,2021-08-17,1.0,0.9,0.701,0.292,10.7,High
PRJ0326,Irrigation,Indian Railways,61.92,18,2022-03-24,1.206,0.754,0.733,0.283,10.8,High
PRJ0327,Urban Infrastructure,Indian Railways,19.21,24,2019-02-26,0.586,0.359,0.362,0.231,6.5,Medium
PRJ0328,Railways,CPWD,9.76,24,2019-12-28,0.866,0.774,0.66,0.2,7.4,Medium
PRJ0329,Power,NHAI,25.08,12,2023-12-04,0.659,0.593,0.582,0.181,0.5,Low
PRJ0330,Urban Infrastructure,NTPC,41.74,24,2022-11-11,0.923,0.669,0.622,0.215,9.5,High
PRJ0331,Urban Infrastructure,NTPC,7.95,24,2019-05-05,1.002,0.895,0.838,0.066,5.2,Medium
PRJ0332,Power,NTPC,16.79,60,2020-09-07,0.88,0.603,0.632,0.247,19.6,Medium
PRJ0333,Roads & Highways,CPWD,50.77,36,2022-05-04,0.71,0.694,0.526,0.104,10.3,Medium
PRJ0334,Roads & Highways,NHAI,54.82,12,2021-09-25,1.123,1.037,0.876,0.086,6.4,High
PRJ0335,Railways,Municipal Corporation,44.83,24,2022-05-19,1.301,1.113,1.151,0.163,6.2,Medium
PRJ0336,Roads & Highways,CPWD,158.53,36,2019-05-22,1.115,0.711,0.646,0.21,15.8,High
PRJ0337,Railways,CPWD,68.53,18,2022-05-28,0.956,0.766,0.798,0.27,3.0,Medium
PRJ0338,Roads & Highways,NTPC,281.81,18,2020-01-25,1.06,0.892,0.818,0.179,3.2,Medium
PRJ0339,Irrigation,Municipal Corporation,79.63,60,2019-06-03,0.724,0.455,0.352,0.284,24.3,High
PRJ0340,Railways,Municipal Corporation,9.94,24,2021-08-11,1.384,0.922,0.682,0.384,14.7,High
PRJ0341,Irrigation,CPWD,11.51,18,2023-10-22,0.487,0.467,0.454,0.106,1.8,Low
PRJ0342,Power,Municipal Corporation,40.19,36,2019-10-08,0.826,0.754,0.608,0.219,9.9,Medium
PRJ0343,Roads & Highways,Indian Railways,14.81,36,2021-10-30,1.034,0.942,0.943,-0.011,5.2,Low
PRJ0344,Irrigation,NHAI,6.55,36,2023-08-20,0.317,0.257,0.222,0.222,9.7,Medium
PRJ0345,Power,Municipal Corporation,155.49,24,2020-08-13,0.799,0.723,0.538,0.228,7.9,Medium
PRJ0346,Roads & Highways,Municipal Corporation,13.73,24,2022-03-06,0.553,0.454,0.377,0.082,5.3,Medium
PRJ0347,Urban Infrastructure,State PWD,20.1,18,2023-01-26,0.614,0.596,0.62,0.068,0.0,Low
PRJ0348,Power,Indian Railways,69.59,24,2019-06-06,0.912,0.856,0.838,0.209,2.5,Medium
PRJ0349,Roads & Highways,CPWD,834.91,24,2022-09-15,0.986,0.828,0.595,0.441,6.9,High
PRJ0350,Urban Infrastructure,NHAI,27.97,24,2019-12-26,0.623,0.433,0.447,0.157,5.9,Medium
PRJ0351,Power,Indian Railways,87.58,12,2022-10-22,1.073,0.908,0.877,0.285,6.0,High
PRJ0352,Irrigation,Indian Railways,62.27,24,2023-01-29,0.488,0.299,0.23,0.244,4.4,Medium
PRJ0353,Urban Infrastructure,NHAI,295.24,12,2022-02-01,0.606,0.571,0.585,0.156,0.0,Low
PRJ0354,Urban Infrastructure,NHAI,117.06,36,2023-07-05,0.508,0.492,0.464,0.072,4.5,Low
PRJ0355,Power,NTPC,447.49,18,2021-09-28,1.242,1.16,1.189,0.296,0.5,Medium
PRJ0356,Irrigation,NTPC,17.06,24,2022-10-27,0.558,0.412,0.293,0.234,8.2,Medium
PRJ0357,Power,Municipal Corporation,354.05,18,2020-06-16,0.982,0.824,0.723,0.339,6.6,High
PRJ0358,Urban Infrastructure,Indian Railways,41.69,24,2022-05-05,0.897,0.663,0.565,0.158,9.4,Medium
PRJ0359,Power,Municipal Corporation,22.15,48,2023-08-11,0.504,0.378,0.387,0.121,10.0,Medium
PRJ0360,Irrigation,NHAI,15.45,60,2019-12-07,0.306,0.191,0.194,0.125,13.4,Medium
PRJ0361,Power,NTPC,26.74,60,2022-11-12,0.809,0.765,0.602,0.19,17.3,Medium
PRJ0362,Railways,Municipal Corporation,88.91,36,2020-06-15,0.629,0.404,0.345,0.276,12.8,High
PRJ0363,Irrigation,NHAI,70.05,18,2021-05-24,0.429,0.374,0.386,0.197,3.2,Medium
PRJ0364,Roads & Highways,State PWD,26.88,24,2020-12-03,0.691,0.427,0.331,0.177,7.9,Medium
PRJ0365,Irrigation,Municipal Corporation,58.76,36,2021-01-09,0.917,0.896,0.653,0.292,12.8,High
PRJ0366,Railways,State PWD,24.85,12,2020-10-12,0.401,0.335,0.261,0.23,3.3,Medium
PRJ0367,Urban Infrastructure,NTPC,86.98,12,2019-11-07,0.925,0.664,0.683,0.282,0.3,Medium
PRJ0368,Urban Infrastructure,NHAI,21.19,36,2021-04-04,0.549,0.464,0.366,0.057,9.3,Medium
PRJ0369,Irrigation,NHAI,31.91,12,2021-09-30,0.472,0.44,0.364,0.214,2.6,Medium
PRJ0370,Irrigation,CPWD,136.87,36,2022-11-07,0.603,0.411,0.29,0.239,13.4,High
PRJ0371,Roads & Highways,Indian Railways,53.01,24,2019-10-18,1.022,1.01,0.906,0.094,3.1,Low
PRJ0372,Urban Infrastructure,NTPC,65.86,36,2019-03-21,1.063,0.913,0.713,0.221,12.8,Medium
PRJ0373,Urban Infrastructure,State PWD,148.97,60,2021-03-10,1.125,0.914,0.812,0.201,17.9,Medium
PRJ0374,Urban Infrastructure,NTPC,25.05,12,2023-06-22,0.472,0.325,0.286,0.124,3.0,Medium
PRJ0375,Power,NHAI,145.98,12,2021-04-16,0.718,0.521,0.417,0.229,3.7,Medium
PRJ0376,Railways,State PWD,28.22,36,2020-12-17,0.788,0.755,0.702,0.187,6.6,Medium
PRJ0377,Irrigation,CPWD,112.18,24,2021-07-14,0.639,0.53,0.431,0.211,6.5,Medium
PRJ0378,Roads & Highways,NTPC,86.62,18,2022-04-22,1.186,1.161,0.975,0.115,5.3,Medium
PRJ0379,Power,Indian Railways,59.19,36,2022-05-23,0.432,0.422,0.322,0.173,5.0,Medium
PRJ0380,Urban Infrastructure,CPWD,102.48,36,2019-08-23,0.922,0.716,0.701,0.223,10.5,Medium
PRJ0381,Roads & Highways,NHAI,173.05,18,2020-02-25,0.326,0.305,0.317,0.2,0.6,Low
PRJ0382,Railways,Municipal Corporation,31.25,12,2023-07-27,0.535,0.411,0.289,0.269,4.9,High
PRJ0383,Roads & Highways,Municipal Corporation,16.3,36,2020-10-17,0.923,0.556,0.401,0.173,20.7,High
PRJ0384,Urban Infrastructure,Municipal Corporation,228.23,24,2019-10-22,0.544,0.395,0.313,0.131,7.4,Medium
PRJ0385,Railways,State PWD,81.41,36,2021-05-21,1.063,0.873,0.677,0.319,14.6,High
PRJ0386,Urban Infrastructure,State PWD,19.04,12,2020-04-27,0.697,0.532,0.499,0.232,1.5,Medium
PRJ0387,Irrigation,NTPC,12.82,48,2023-06-01,0.627,0.434,0.366,0.267,16.5,High
PRJ0388,Roads & Highways,Municipal Corporation,15.48,36,2023-01-23,0.737,0.488,0.468,0.22,8.0,Medium
PRJ0389,Irrigation,Municipal Corporation,145.8,48,2020-06-04,0.814,0.69,0.583,0.339,11.5,Medium
PRJ0390,Roads & Highways,CPWD,23.04,12,2021-02-12,0.607,0.395,0.291,0.191,7.4,High
PRJ0391,Urban Infrastructure,NHAI,19.15,36,2020-03-31,1.252,0.803,0.597,0.234,20.7,High
PRJ0392,Railways,NTPC,146.09,24,2021-12-21,1.051,0.872,0.742,0.332,7.8,High
PRJ0393,Irrigation,Indian Railways,17.2,36,2022-09-06,0.541,0.337,0.252,0.274,14.0,High
PRJ0394,Power,NTPC,78.1,36,2020-09-06,0.826,0.803,0.655,0.193,8.7,Medium
PRJ0395,Roads & Highways,Indian Railways,50.99,36,2022-04-26,1.097,0.874,0.806,0.224,9.8,Medium
PRJ0396,Urban Infrastructure,State PWD,217.78,24,2021-10-12,0.85,0.534,0.39,0.175,12.1,High
PRJ0397,Railways,Municipal Corporation,63.21,60,2022-08-01,1.163,1.161,1.058,0.212,13.9,Medium
PRJ0398,Urban Infrastructure,Indian Railways,31.6,24,2020-04-01,1.132,0.716,0.733,0.166,8.8,Medium
PRJ0399,Urban Infrastructure,NHAI,113.52,18,2019-08-31,0.404,0.377,0.385,0.225,0.4,Medium
PRJ0400,Urban Infrastructure,NTPC,74.88,18,2023-05-24,0.315,0.23,0.205,0.209,3.2,Medium
PRJ0401,Railways,State PWD,33.78,12,2019-05-26,1.213,1.201,1.011,0.117,3.3,Medium
PRJ0402,Railways,State PWD,159.98,18,2020-12-25,1.04,0.908,0.735,0.305,5.2,Medium
PRJ0403,Power,State PWD,366.96,36,2022-09-18,1.26,1.008,0.963,0.333,10.6,High
PRJ0404,Urban Infrastructure,NHAI,89.52,18,2021-03-08,0.979,0.92,0.707,0.183,3.7,Medium
PRJ0405,Power,State PWD,21.36,12,2019-07-09,0.944,0.772,0.604,0.244,6.2,High
PRJ0406,Railways,NTPC,92.08,18,2020-12-19,0.958,0.825,0.622,0.284,7.7,High
PRJ0407,Urban Infrastructure,CPWD,165.96,18,2023-08-22,0.883,0.788,0.807,0.19,3.3,Medium
PRJ0408,Railways,NTPC,67.03,24,2021-09-17,1.169,0.85,0.768,0.347,9.9,High
PRJ0409,Irrigation,NTPC,54.53,12,2019-07-25,1.335,1.267,1.088,0.197,6.0,High
PRJ0410,Urban Infrastructure,Indian Railways,278.57,12,2023-01-04,1.335,1.147,1.186,0.189,0.5,Low
PRJ0411,Irrigation,Indian Railways,8.58,12,2020-12-06,0.479,0.428,0.331,0.148,2.9,Medium
PRJ0412,Railways,NHAI,25.81,12,2019-07-29,0.58,0.416,0.369,0.282,6.1,High
PRJ0413,Roads & Highways,Indian Railways,175.6,24,2022-01-10,0.876,0.637,0.551,0.205,5.4,Medium
PRJ0414,Power,Indian Railways,55.32,36,2023-01-31,1.162,0.826,0.85,0.261,9.0,Medium
PRJ0415,Irrigation,CPWD,42.75,48,2023-09-07,0.324,0.322,0.235,0.293,7.9,Medium
PRJ0416,Irrigation,Indian Railways,138.2,36,2020-11-16,0.36,0.302,0.307,0.136,4.8,Medium
PRJ0417,Roads & Highways,Municipal Corporation,78.13,24,2022-12-10,0.91,0.847,0.78,0.189,4.5,Medium
PRJ0418,Power,CPWD,240.05,18,2021-01-17,0.316,0.25,0.177,0.254,4.5,Medium
PRJ0419,Irrigation,Indian Railways,130.36,24,2020-11-03,0.988,0.598,0.448,0.296,11.8,High
PRJ0420,Power,CPWD,133.61,24,2023-03-19,1.348,1.285,1.021,0.253,6.7,Medium
PRJ0421,Power,State PWD,57.58,24,2023-11-26,0.522,0.367,0.272,0.203,3.4,Medium
PRJ0422,Railways,NTPC,241.45,24,2021-03-28,0.797,0.777,0.811,0.261,4.1,Medium
PRJ0423,Roads & Highways,Municipal Corporation,77.56,12,2020-11-18,0.91,0.574,0.403,0.229,7.3,High
PRJ0424,Power,NHAI,250.88,24,2019-02-13,0.669,0.449,0.33,0.291,9.8,High
PRJ0425,Irrigation,State PWD,13.63,24,2019-07-22,0.665,0.607,0.518,0.225,7.7,Medium
PRJ0426,Power,NTPC,220.84,18,2022-05-22,1.358,1.211,1.056,0.338,7.4,High
PRJ0427,Power,Indian Railways,28.07,36,2020-10-31,0.874,0.548,0.419,0.311,16.1,High
PRJ0428,Irrigation,CPWD,536.7,24,2023-11-29,0.449,0.39,0.327,0.269,3.3,Medium
PRJ0429,Power,NTPC,7.28,24,2021-11-02,0.478,0.377,0.337,0.134,3.1,Medium
PRJ0430,Power,NTPC,79.25,24,2022-11-05,0.92,0.648,0.612,0.312,8.9,High
PRJ0431,Railways,State PWD,16.07,18,2021-01-24,0.959,0.773,0.619,0.267,7.2,High
PRJ0432,Roads & Highways,State PWD,42.49,36,2019-02-13,0.943,0.921,0.701,0.104,8.9,Medium
PRJ0433,Railways,NHAI,20.52,18,2022-03-01,0.603,0.481,0.357,0.229,3.2,Medium
PRJ0434,Irrigation,NTPC,134.29,48,2022-01-05,0.625,0.439,0.358,0.235,15.0,Medium
PRJ0435,Railways,Indian Railways,499.2,24,2019-05-02,1.215,0.815,0.777,0.321,12.6,High
PRJ0436,Railways,Municipal Corporation,155.02,12,2020-10-10,0.965,0.729,0.73,0.214,2.2,Medium
PRJ0437,Roads & Highways,NTPC,383.19,36,2022-12-24,1.275,1.181,0.834,0.291,13.4,High
PRJ0438,Roads & Highways,NTPC,114.65,12,2020-02-20,1.287,0.904,0.703,0.352,6.3,High
PRJ0439,Railways,Municipal Corporation,130.45,18,2021-01-09,0.531,0.526,0.487,0.256,2.6,Medium
PRJ0440,Power,State PWD,84.39,36,2022-05-29,1.362,1.032,0.769,0.375,22.2,High
PRJ0441,Urban Infrastructure,Indian Railways,22.29,12,2020-01-07,0.645,0.551,0.462,0.219,2.6,Medium
PRJ0442,Roads & Highways,Municipal Corporation,42.66,36,2020-08-05,1.142,0.75,0.698,0.19,14.9,High
PRJ0443,Roads & Highways,NHAI,40.7,48,2019-05-29,0.96,0.762,0.679,0.181,12.4,Medium
PRJ0444,Railways,CPWD,144.16,36,2020-08-19,0.851,0.73,0.642,0.243,9.5,Medium
PRJ0445,Power,NTPC,47.38,36,2022-09-15,1.193,1.167,0.945,0.239,12.5,Medium
PRJ0446,Urban Infrastructure,NTPC,142.53,48,2019-10-31,0.359,0.318,0.276,0.132,8.1,Medium
PRJ0447,Roads & Highways,NTPC,66.46,18,2022-07-20,0.862,0.726,0.625,0.214,5.0,Medium
PRJ0448,Urban Infrastructure,CPWD,82.73,24,2021-04-23,1.076,1.043,0.782,0.151,6.7,Medium
PRJ0449,Railways,Indian Railways,16.65,12,2020-09-21,1.249,0.866,0.817,0.231,7.1,High
PRJ0450,Railways,State PWD,79.53,12,2019-01-20,0.899,0.89,0.738,0.168,1.2,Medium
PRJ0451,Railways,Indian Railways,166.32,24,2021-07-02,0.452,0.449,0.354,0.23,5.2,Medium
PRJ0452,Irrigation,Municipal Corporation,29.43,24,2022-11-14,0.515,0.478,0.443,0.124,0.6,Low
PRJ0453,Railways,Indian Railways,68.21,36,2020-07-14,1.23,0.866,0.607,0.377,24.2,High
PRJ0454,Roads & Highways,State PWD,6.43,48,2019-07-09,0.909,0.732,0.585,0.19,16.2,Medium
PRJ0455,Power,CPWD,82.32,18,2022-06-24,0.638,0.445,0.323,0.277,7.7,High
PRJ0456,Railways,NHAI,164.29,36,2023-07-11,0.419,0.29,0.279,0.287,6.4,Medium
PRJ0457,Railways,CPWD,25.5,36,2021-07-05,1.248,1.181,0.831,0.191,16.2,High
PRJ0458,Power,Indian Railways,285.61,60,2022-09-20,0.573,0.468,0.49,0.179,12.3,Medium
PRJ0459,Power,Municipal Corporation,12.51,24,2019-04-21,0.546,0.407,0.348,0.21,6.7,Medium
PRJ0460,Roads & Highways,CPWD,350.99,12,2020-06-19,0.628,0.457,0.346,0.201,3.8,Medium
PRJ0461,Power,NHAI,93.08,24,2019-05-21,1.351,0.944,0.945,0.247,10.7,High
PRJ0462,Railways,Municipal Corporation,41.9,36,2023-08-10,1.3,1.206,1.2,0.181,6.1,Medium
PRJ0463,Railways,CPWD,572.59,36,2019-12-16,0.792,0.738,0.686,0.258,10.2,Medium
PRJ0464,Irrigation,Indian Railways,19.2,12,2020-11-10,0.755,0.465,0.37,0.241,4.9,High
PRJ0465,Irrigation,NTPC,35.17,60,2020-11-17,1.153,0.85,0.781,0.273,24.0,High
PRJ0466,Roads & Highways,NHAI,37.94,60,2023-05-17,0.988,0.912,0.661,0.107,17.4,Medium
PRJ0467,Railways,Indian Railways,213.03,24,2019-08-27,0.516,0.359,0.289,0.298,9.2,High
PRJ0468,Roads & Highways,CPWD,344.22,48,2020-01-03,0.816,0.751,0.573,0.274,10.4,Medium
PRJ0469,Railways,NHAI,89.64,24,2019-06-06,0.522,0.427,0.33,0.281,4.4,Medium
PRJ0470,Roads & Highways,Indian Railways,72.06,24,2020-03-17,1.194,0.88,0.65,0.324,14.2,High
PRJ0471,Railways,NTPC,37.71,18,2019-05-26,1.264,1.127,0.908,0.199,5.5,Medium
PRJ0472,Roads & Highways,State PWD,87.56,18,2023-09-10,1.112,0.933,0.94,0.064,3.2,Medium
PRJ0473,Power,Indian Railways,46.65,18,2023-09-27,0.789,0.628,0.517,0.267,6.0,High
PRJ0474,Roads & Highways,Municipal Corporation,139.01,48,2020-09-07,0.777,0.73,0.604,0.221,10.4,Medium
PRJ0475,Irrigation,CPWD,29.61,24,2022-04-27,0.795,0.716,0.59,0.211,4.9,Medium
PRJ0476,Roads & Highways,CPWD,93.38,24,2020-01-03,0.621,0.559,0.485,0.088,0.1,Low
PRJ0477,Urban Infrastructure,Indian Railways,420.34,18,2021-03-15,0.436,0.297,0.208,0.252,5.7,Medium
PRJ0478,Urban Infrastructure,Indian Railways,14.79,18,2022-08-03,0.96,0.857,0.831,0.138,3.7,Medium
PRJ0479,Railways,Municipal Corporation,29.12,48,2019-08-03,0.661,0.612,0.556,0.222,9.2,Medium
PRJ0480,Power,CPWD,3.94,18,2023-03-13,0.393,0.292,0.274,0.22,2.8,Medium
PRJ0481,Irrigation,State PWD,603.36,18,2020-01-17,0.346,0.252,0.226,0.339,4.4,Medium
PRJ0482,Power,CPWD,143.78,18,2022-06-07,0.512,0.326,0.289,0.264,5.9,Medium
PRJ0483,Roads & Highways,Municipal Corporation,170.1,48,2021-11-14,0.437,0.283,0.27,0.206,8.3,Medium
PRJ0484,Power,NHAI,18.01,36,2021-05-31,0.882,0.647,0.57,0.259,11.9,Medium
PRJ0485,Urban Infrastructure,State PWD,63.8,48,2022-09-11,1.186,0.776,0.562,0.147,26.9,High
PRJ0486,Roads & Highways,NHAI,140.86,36,2023-02-14,1.249,0.907,0.906,0.164,12.2,Medium
PRJ0487,Power,Indian Railways,14.85,18,2020-05-21,0.803,0.635,0.618,0.262,4.1,Medium
PRJ0488,Urban Infrastructure,Indian Railways,325.35,18,2021-06-27,1.146,0.716,0.646,0.349,8.1,High
PRJ0489,Railways,NHAI,311.6,48,2020-09-15,1.019,0.754,0.691,0.252,18.2,High
PRJ0490,Urban Infrastructure,NHAI,85.98,60,2023-10-13,1.252,1.052,0.994,0.225,14.4,Medium
PRJ0491,Irrigation,CPWD,324.76,18,2020-07-26,1.317,0.82,0.713,0.37,11.0,High
PRJ0492,Irrigation,NTPC,126.78,18,2023-03-14,0.915,0.738,0.542,0.347,4.9,High
PRJ0493,Railways,State PWD,176.51,18,2019-03-05,1.121,1.032,0.78,0.284,5.1,Medium
PRJ0494,Urban Infrastructure,State PWD,65.55,18,2020-07-23,1.229,0.972,0.908,0.113,4.7,Medium
PRJ0495,Urban Infrastructure,State PWD,14.03,36,2023-08-27,1.395,1.088,0.858,0.21,19.7,High
PRJ0496,Irrigation,NTPC,44.18,18,2022-10-16,0.768,0.635,0.449,0.246,5.9,Medium
PRJ0497,Irrigation,NHAI,59.6,60,2020-11-29,1.213,0.792,0.814,0.229,24.2,High
PRJ0498,Railways,CPWD,260.49,18,2020-08-20,1.071,0.97,0.995,0.281,2.5,Medium
PRJ0499,Irrigation,State PWD,10.48,18,2023-11-05,1.007,0.893,0.931,0.142,4.9,Medium
PRJ0500,Power,NHAI,31.74,48,2019-11-22,1.342,0.923,0.751,0.275,29.9,High
PRJ0501,Roads & Highways,State PWD,22.46,60,2020-02-19,0.618,0.462,0.431,0.081,12.7,Medium
PRJ0502,Railways,NHAI,174.48,18,2022-12-03,0.385,0.275,0.249,0.255,4.1,Medium
PRJ0503,Power,NTPC,145.54,36,2021-11-13,1.178,1.114,0.958,0.234,6.6,Medium
PRJ0504,Urban Infrastructure,NTPC,30.99,36,2019-05-30,1.249,0.99,0.717,0.129,19.8,High
PRJ0505,Urban Infrastructure,Indian Railways,69.78,12,2023-10-16,0.864,0.619,0.535,0.259,3.3,Medium
PRJ0506,Railways,CPWD,130.74,12,2020-06-20,1.158,0.913,0.712,0.293,4.3,High
PRJ0507,Railways,Indian Railways,12.65,48,2021-04-08,1.081,1.074,0.77,0.257,18.4,High
PRJ0508,Irrigation,CPWD,31.18,12,2019-02-09,1.152,0.753,0.65,0.226,9.1,High
PRJ0509,Power,Municipal Corporation,18.8,36,2021-10-20,1.171,1.165,0.918,0.225,12.4,Medium
PRJ0510,Railways,NTPC,55.88,36,2023-07-27,1.358,1.091,0.937,0.309,15.0,High
PRJ0511,Roads & Highways,State PWD,100.42,24,2023-01-17,0.731,0.57,0.544,0.19,4.1,Medium
PRJ0512,Urban Infrastructure,Municipal Corporation,44.69,12,2023-04-15,0.819,0.725,0.607,0.122,1.0,Low
PRJ0513,Roads & Highways,NHAI,104.38,36,2021-10-23,0.971,0.949,0.926,0.121,3.4,Low
PRJ0514,Urban Infrastructure,NTPC,33.98,36,2023-11-27,0.616,0.502,0.445,0.091,6.9,Medium
PRJ0515,Roads & Highways,State PWD,50.2,12,2020-06-15,0.4,0.347,0.259,0.118,2.5,Medium
PRJ0516,Roads & Highways,NHAI,79.82,18,2021-02-16,1.16,0.921,0.9,0.069,6.1,Medium
PRJ0517,Urban Infrastructure,Municipal Corporation,23.68,24,2020-04-14,0.31,0.266,0.234,0.088,3.9,Medium
PRJ0518,Power,Municipal Corporation,51.25,48,2019-09-09,0.926,0.877,0.793,0.152,12.3,Medium
PRJ0519,Railways,Municipal Corporation,4.54,48,2020-03-15,1.363,1.3,1.023,0.221,20.3,High
PRJ0520,Urban Infrastructure,NHAI,39.61,48,2019-10-17,0.49,0.347,0.257,0.148,12.0,Medium
PRJ0521,Roads & Highways,NHAI,59.54,12,2022-10-06,0.865,0.789,0.697,0.142,4.1,Medium
PRJ0522,Roads & Highways,NTPC,104.72,36,2019-06-09,1.045,0.654,0.594,0.172,16.0,High
PRJ0523,Urban Infrastructure,CPWD,37.87,18,2023-08-16,1.045,0.677,0.49,0.31,7.0,High
PRJ0524,Irrigation,Indian Railways,49.49,12,2020-06-05,0.563,0.386,0.325,0.18,4.7,Medium
PRJ0525,Power,State PWD,75.42,60,2022-12-11,0.566,0.355,0.288,0.231,19.7,Medium
PRJ0526,Irrigation,Municipal Corporation,8.0,36,2019-01-23,1.009,0.679,0.531,0.246,18.9,High
PRJ0527,Urban Infrastructure,NTPC,45.54,12,2023-04-01,1.198,1.19,1.2,0.163,1.1,Medium
PRJ0528,Irrigation,Indian Railways,19.79,18,2022-09-15,0.925,0.657,0.569,0.296,4.4,Medium
PRJ0529,Irrigation,Indian Railways,78.0,12,2020-02-24,0.841,0.609,0.465,0.384,1.9,Medium
PRJ0530,Railways,NHAI,57.53,24,2020-06-20,0.801,0.533,0.43,0.21,11.5,High
PRJ0531,Urban Infrastructure,NHAI,30.42,24,2022-10-08,0.592,0.546,0.431,0.143,4.8,Medium
PRJ0532,Railways,Indian Railways,186.38,24,2023-12-04,0.542,0.348,0.315,0.429,5.2,High
PRJ0533,Irrigation,NHAI,86.37,24,2019-08-21,1.117,0.957,0.776,0.251,7.3,Medium
PRJ0534,Railways,State PWD,100.97,12,2020-11-27,1.203,1.189,1.021,0.384,3.7,High
PRJ0535,Irrigation,CPWD,11.74,60,2020-04-19,0.607,0.59,0.418,0.271,17.4,Medium
PRJ0536,Irrigation,CPWD,154.02,60,2019-04-28,1.204,1.034,0.958,0.27,17.2,Medium
PRJ0537,Roads & Highways,NHAI,97.25,18,2019-06-24,0.371,0.31,0.307,0.19,1.8,Medium
PRJ0538,Irrigation,Indian Railways,191.25,18,2020-12-17,1.325,0.974,0.993,0.31,7.9,High
PRJ0539,Railways,CPWD,37.59,18,2022-04-15,0.413,0.25,0.187,0.237,5.5,Medium
PRJ0540,Railways,CPWD,82.1,36,2021-06-20,0.93,0.609,0.626,0.236,10.3,Medium
PRJ0541,Irrigation,NTPC,42.26,36,2021-07-14,0.966,0.824,0.729,0.231,13.5,High
PRJ0542,Railways,State PWD,128.93,36,2023-04-15,0.508,0.387,0.399,0.185,7.3,Medium
PRJ0543,Urban Infrastructure,CPWD,7.7,60,2023-10-06,0.785,0.553,0.549,0.178,17.0,Medium
PRJ0544,Railways,Indian Railways,189.58,24,2019-08-15,0.443,0.385,0.386,0.238,4.7,Medium
PRJ0545,Urban Infrastructure,NHAI,425.79,36,2022-06-19,1.218,0.758,0.729,0.37,15.9,High
PRJ0546,Roads & Highways,NHAI,125.49,18,2023-09-21,0.337,0.28,0.212,0.094,3.6,Medium
PRJ0547,Urban Infrastructure,State PWD,86.73,24,2023-06-30,0.461,0.396,0.309,0.126,5.3,Medium
PRJ0548,Power,NHAI,20.67,36,2020-07-11,0.793,0.604,0.631,0.143,6.9,Medium
PRJ0549,Railways,Indian Railways,9.56,60,2020-04-23,1.285,0.824,0.767,0.332,32.4,High
PRJ0550,Urban Infrastructure,Municipal Corporation,93.5,24,2021-04-24,0.378,0.351,0.287,0.168,7.5,Medium
PRJ0551,Power,NHAI,44.77,24,2022-08-13,1.224,1.001,0.731,0.236,11.0,High
PRJ0552,Roads & Highways,Indian Railways,31.7,24,2022-05-03,1.051,0.895,0.71,0.169,7.1,Medium
PRJ0553,Urban Infrastructure,NTPC,94.72,36,2023-10-30,1.384,1.211,0.951,0.183,14.7,Medium
PRJ0554,Power,NTPC,63.56,60,2020-11-20,0.994,0.767,0.655,0.301,21.4,High
PRJ0555,Railways,Indian Railways,110.04,24,2023-04-26,0.599,0.36,0.273,0.217,7.3,Medium
PRJ0556,Railways,State PWD,16.46,36,2020-06-23,0.804,0.513,0.52,0.246,13.0,High
PRJ0557,Irrigation,Indian Railways,41.73,48,2023-12-04,0.533,0.376,0.35,0.236,14.5,Medium
PRJ0558,Irrigation,State PWD,55.45,60,2019-10-22,0.629,0.403,0.32,0.226,23.3,High
PRJ0559,Roads & Highways,Indian Railways,10.95,24,2022-06-30,1.297,0.849,0.611,0.163,16.4,High
PRJ0560,Railways,Indian Railways,143.23,18,2021-05-19,0.37,0.312,0.326,0.284,1.8,Medium
PRJ0561,Power,State PWD,60.81,48,2020-09-12,0.729,0.698,0.687,0.156,5.2,Medium
PRJ0562,Railways,Indian Railways,136.99,18,2022-02-02,0.332,0.284,0.227,0.133,2.8,Medium
PRJ0563,Irrigation,Municipal Corporation,146.14,60,2019-12-13,1.089,0.943,0.773,0.282,22.1,High
PRJ0564,Power,CPWD,96.63,24,2019-12-26,1.126,1.011,0.76,0.243,10.4,High
PRJ0565,Railways,Municipal Corporation,22.67,12,2021-11-06,0.957,0.857,0.609,0.173,3.9,Medium
PRJ0566,Railways,Indian Railways,58.34,12,2023-06-30,1.072,0.861,0.736,0.256,3.7,Medium
PRJ0567,Railways,CPWD,130.8,12,2020-01-27,0.575,0.537,0.463,0.308,3.7,High
PRJ0568,Power,Indian Railways,53.26,60,2021-04-05,0.5,0.36,0.259,0.279,17.7,Medium
PRJ0569,Railways,NTPC,38.25,48,2020-10-07,0.994,0.881,0.749,0.245,16.2,Medium
PRJ0570,Urban Infrastructure,State PWD,53.4,48,2019-05-22,0.664,0.464,0.486,0.229,9.2,Medium
PRJ0571,Railways,CPWD,84.57,12,2020-01-08,1.318,0.983,0.724,0.396,5.6,High
PRJ0572,Railways,CPWD,176.26,48,2021-01-04,1.378,1.185,1.138,0.315,15.7,High
PRJ0573,Irrigation,NHAI,58.57,12,2019-05-26,1.04,0.91,0.746,0.188,5.1,High
PRJ0574,Railways,CPWD,29.89,48,2023-03-11,0.618,0.606,0.435,0.238,11.3,Medium
PRJ0575,Roads & Highways,CPWD,70.28,24,2021-06-23,0.584,0.514,0.362,0.147,5.8,Medium
PRJ0576,Railways,State PWD,29.68,60,2023-06-14,1.085,1.006,0.939,0.239,13.8,Medium
PRJ0577,Railways,CPWD,160.92,24,2023-03-28,0.534,0.451,0.329,0.236,8.9,High
PRJ0578,Railways,CPWD,116.15,18,2019-02-26,0.431,0.366,0.376,0.25,1.8,Medium
PRJ0579,Roads & Highways,Indian Railways,167.66,18,2020-06-18,0.301,0.296,0.303,0.141,0.8,Low
PRJ0580,Urban Infrastructure,NHAI,59.64,12,2019-01-29,0.978,0.962,0.978,0.082,1.3,Low
PRJ0581,Irrigation,CPWD,184.62,48,2020-11-24,0.76,0.469,0.376,0.255,18.6,High
PRJ0582,Irrigation,State PWD,47.41,12,2021-06-30,1.196,1.166,1.025,0.215,3.9,Medium
PRJ0583,Urban Infrastructure,CPWD,53.16,24,2021-06-01,1.231,1.149,0.966,0.237,6.6,Medium
PRJ0584,Roads & Highways,NTPC,5.46,18,2022-11-30,0.835,0.613,0.452,0.133,5.7,Medium
PRJ0585,Irrigation,CPWD,93.21,24,2020-10-03,0.792,0.781,0.65,0.117,4.1,Medium
PRJ0586,Power,Municipal Corporation,22.37,36,2019-05-18,1.03,0.716,0.624,0.306,14.0,High
PRJ0587,Irrigation,CPWD,64.94,24,2023-01-12,1.052,0.708,0.699,0.301,7.5,High
PRJ0588,Irrigation,Indian Railways,39.3,18,2021-07-23,0.558,0.362,0.269,0.319,7.0,High
PRJ0589,Power,Municipal Corporation,8.34,36,2022-04-01,1.388,0.98,0.916,0.286,18.2,High
PRJ0590,Urban Infrastructure,CPWD,107.95,18,2019-09-30,0.613,0.46,0.444,0.124,3.8,Medium
PRJ0591,Railways,Municipal Corporation,43.89,60,2022-02-21,1.182,0.93,0.768,0.248,26.6,High
PRJ0592,Railways,CPWD,92.51,24,2022-01-30,1.341,1.115,0.992,0.329,11.2,High
PRJ0593,Power,CPWD,134.04,12,2022-08-06,1.278,0.798,0.684,0.324,7.4,High
PRJ0594,Irrigation,Indian Railways,11.93,18,2021-04-07,0.607,0.454,0.343,0.238,7.3,High
PRJ0595,Railways,Indian Railways,58.48,24,2019-07-18,0.728,0.507,0.358,0.374,9.1,High
PRJ0596,Power,Indian Railways,41.74,12,2019-07-01,0.519,0.519,0.364,0.149,3.3,Medium
PRJ0597,Railways,Municipal Corporation,57.91,18,2022-10-13,1.319,1.047,0.848,0.358,10.0,High
PRJ0598,Irrigation,State PWD,172.49,24,2020-09-23,1.15,1.06,0.799,0.214,7.3,Medium
PRJ0599,Roads & Highways,State PWD,110.94,18,2020-10-22,0.416,0.354,0.263,0.187,5.2,Medium
PRJ0600,Urban Infrastructure,State PWD,7.05,24,2019-11-11,0.717,0.672,0.622,0.17,4.1,Medium
PRJ0601,Irrigation,CPWD,121.16,24,2021-01-17,0.486,0.328,0.231,0.204,7.8,Medium
PRJ0602,Power,Indian Railways,21.0,24,2021-09-16,0.982,0.849,0.843,0.17,4.8,Medium
PRJ0603,Power,State PWD,83.77,12,2020-06-29,1.002,0.742,0.76,0.227,3.7,Medium
PRJ0604,Railways,Municipal Corporation,24.51,36,2020-04-05,0.701,0.657,0.505,0.246,12.1,Medium
PRJ0605,Power,NHAI,19.91,24,2023-04-11,0.775,0.765,0.657,0.217,4.3,Medium
PRJ0606,Irrigation,CPWD,17.59,48,2023-05-06,0.685,0.434,0.414,0.283,14.8,Medium
PRJ0607,Power,NTPC,29.68,24,2020-11-08,0.704,0.571,0.561,0.257,5.9,Medium
PRJ0608,Urban Infrastructure,CPWD,4.75,18,2020-05-14,1.327,1.18,1.064,0.155,5.1,Medium
PRJ0609,Power,NHAI,26.92,24,2021-03-07,1.036,0.752,0.706,0.227,8.3,Medium
PRJ0610,Roads & Highways,NTPC,94.87,24,2020-04-26,0.764,0.487,0.362,0.273,8.3,High
PRJ0611,Irrigation,CPWD,24.49,36,2022-02-17,1.186,1.103,1.108,0.2,8.8,Medium
PRJ0612,Railways,State PWD,24.46,60,2019-11-12,0.311,0.205,0.199,0.116,10.0,Medium
PRJ0613,Roads & Highways,NHAI,42.09,18,2023-03-08,1.297,1.059,0.974,0.195,6.8,Medium
PRJ0614,Roads & Highways,Municipal Corporation,27.09,60,2022-01-12,0.512,0.431,0.404,0.202,8.9,Medium
PRJ0615,Irrigation,State PWD,119.98,12,2020-03-19,0.806,0.686,0.614,0.352,1.9,Medium
PRJ0616,Railways,CPWD,157.42,12,2021-01-14,1.125,0.987,1.033,0.234,0.0,Low
PRJ0617,Urban Infrastructure,Indian Railways,366.91,36,2021-11-15,1.356,1.172,1.035,0.148,11.7,Medium
PRJ0618,Irrigation,NHAI,37.02,36,2020-01-10,0.526,0.355,0.264,0.268,11.0,Medium
PRJ0619,Roads & Highways,Indian Railways,26.61,48,2019-09-05,0.67,0.559,0.412,0.192,11.5,Medium
PRJ0620,Roads & Highways,CPWD,274.56,24,2022-07-22,1.335,1.272,1.12,0.206,7.7,Medium
PRJ0621,Irrigation,NHAI,169.63,18,2022-03-28,0.518,0.341,0.358,0.284,2.7,Medium
PRJ0622,Power,CPWD,472.99,36,2019-03-31,0.404,0.248,0.217,0.259,9.4,Medium
PRJ0623,Irrigation,NTPC,122.91,60,2022-05-28,1.272,1.245,1.084,0.178,16.9,Medium
PRJ0624,Power,NTPC,90.05,18,2023-08-31,1.099,0.756,0.648,0.292,10.5,High
PRJ0625,Railways,Municipal Corporation,17.58,24,2019-08-17,0.952,0.755,0.693,0.251,9.0,High
PRJ0626,Power,NHAI,53.86,18,2019-04-29,1.077,0.749,0.626,0.321,8.2,High
PRJ0627,Roads & Highways,Indian Railways,26.7,12,2021-05-04,0.311,0.197,0.194,0.145,2.0,Medium
PRJ0628,Power,Indian Railways,60.8,60,2020-01-07,1.262,0.772,0.565,0.355,41.2,High
PRJ0629,Railways,NHAI,33.48,18,2022-11-27,0.506,0.317,0.333,0.202,6.3,Medium
PRJ0630,Railways,NHAI,34.88,60,2023-07-26,0.31,0.195,0.154,0.263,15.5,Medium
PRJ0631,Railways,NTPC,77.67,24,2020-08-28,0.871,0.864,0.815,0.214,2.4,Medium
PRJ0632,Railways,Municipal Corporation,126.14,36,2020-07-25,0.832,0.597,0.472,0.327,14.4,High
PRJ0633,Roads & Highways,CPWD,10.65,36,2019-12-08,1.201,0.776,0.722,0.285,17.6,High
PRJ0634,Urban Infrastructure,NHAI,22.97,12,2023-05-06,0.386,0.34,0.348,0.075,0.0,Low
PRJ0635,Power,NHAI,111.09,48,2021-06-22,0.781,0.575,0.547,0.243,12.6,Medium
PRJ0636,Roads & Highways,CPWD,21.66,18,2020-11-22,1.24,1.115,0.887,0.156,5.3,Medium
PRJ0637,Irrigation,NTPC,164.05,24,2020-10-20,1.188,0.961,0.712,0.434,12.0,High
PRJ0638,Urban Infrastructure,NTPC,16.67,18,2019-06-06,0.966,0.602,0.563,0.307,7.6,High
PRJ0639,Roads & Highways,State PWD,12.45,18,2021-08-02,1.017,0.927,0.898,0.095,2.4,Low
PRJ0640,Railways,NTPC,29.09,48,2021-09-15,1.323,1.295,0.938,0.394,19.5,High
PRJ0641,Irrigation,NHAI,351.96,18,2021-12-19,1.067,0.679,0.593,0.305,10.2,High
PRJ0642,Roads & Highways,Indian Railways,19.23,24,2019-12-23,0.782,0.597,0.507,0.184,10.4,High
PRJ0643,Railways,State PWD,107.04,24,2020-09-16,1.121,1.073,1.036,0.136,6.5,Medium
PRJ0644,Railways,NHAI,22.19,12,2020-09-14,1.188,0.83,0.6,0.265,8.3,High
PRJ0645,Railways,Indian Railways,558.84,18,2023-04-05,0.64,0.562,0.397,0.371,3.6,Medium
PRJ0646,Power,NTPC,13.61,12,2022-11-23,0.54,0.47,0.461,0.253,2.6,Medium
PRJ0647,Power,NHAI,187.34,18,2021-10-25,1.12,0.842,0.678,0.272,10.2,High
PRJ0648,Roads & Highways,Municipal Corporation,45.33,24,2022-04-05,1.294,0.827,0.646,0.294,14.6,High
PRJ0649,Power,NHAI,92.14,18,2021-04-23,0.95,0.907,0.917,0.137,4.5,Medium
PRJ0650,Irrigation,State PWD,81.72,60,2022-12-24,0.806,0.555,0.57,0.186,17.3,Medium
PRJ0651,Urban Infrastructure,State PWD,179.94,24,2023-11-26,1.047,0.659,0.691,0.236,6.1,Medium
PRJ0652,Roads & Highways,Municipal Corporation,25.35,24,2023-02-15,0.93,0.929,0.744,0.093,4.2,Medium
PRJ0653,Irrigation,Indian Railways,37.27,12,2023-04-16,1.0,0.666,0.566,0.314,7.0,High
PRJ0654,Irrigation,Indian Railways,20.33,24,2019-09-06,0.769,0.631,0.574,0.179,4.1,Medium
PRJ0655,Roads & Highways,Indian Railways,85.52,24,2023-01-26,0.634,0.481,0.39,0.176,3.3,Medium
PRJ0656,Irrigation,NTPC,40.35,12,2019-06-27,0.938,0.798,0.661,0.31,4.3,High
PRJ0657,Roads & Highways,NHAI,7.22,18,2022-10-25,0.357,0.216,0.212,0.077,1.5,Low
PRJ0658,Urban Infrastructure,Municipal Corporation,50.67,60,2023-03-28,1.081,0.857,0.756,0.222,19.0,Medium
PRJ0659,Railways,Indian Railways,126.26,24,2020-08-04,1.329,0.99,0.828,0.308,13.1,High
PRJ0660,Power,Municipal Corporation,24.81,24,2021-11-30,1.091,0.98,0.862,0.26,6.2,Medium
PRJ0661,Urban Infrastructure,State PWD,25.3,18,2023-08-04,1.299,1.186,0.838,0.228,9.5,High
PRJ0662,Roads & Highways,NTPC,10.76,36,2019-05-10,1.3,1.278,0.929,0.08,13.2,Medium
PRJ0663,Irrigation,NHAI,76.41,60,2021-06-24,0.391,0.332,0.272,0.142,12.1,Medium
PRJ0664,Railways,CPWD,186.87,18,2022-10-15,0.592,0.537,0.415,0.243,1.9,Medium
PRJ0665,Railways,NTPC,51.02,36,2021-07-08,0.825,0.77,0.743,0.272,5.4,Medium
PRJ0666,Railways,Indian Railways,52.08,18,2021-01-29,0.553,0.376,0.268,0.196,7.6,High
PRJ0667,Roads & Highways,Municipal Corporation,86.52,24,2021-01-18,1.376,0.936,0.726,0.278,12.5,High
PRJ0668,Urban Infrastructure,NTPC,30.11,24,2019-06-27,1.193,1.129,0.859,0.29,9.1,High
PRJ0669,Urban Infrastructure,Municipal Corporation,160.79,48,2022-03-23,0.863,0.572,0.411,0.197,19.8,High
PRJ0670,Urban Infrastructure,State PWD,50.31,24,2022-09-24,0.636,0.533,0.473,0.183,4.3,Medium
PRJ0671,Irrigation,CPWD,45.29,24,2019-01-13,1.201,0.894,0.795,0.353,12.3,High
PRJ0672,Power,NHAI,170.68,24,2020-12-20,1.349,1.156,0.93,0.359,8.8,High
PRJ0673,Urban Infrastructure,Indian Railways,27.42,24,2021-09-10,0.78,0.701,0.694,0.134,3.6,Medium
PRJ0674,Roads & Highways,CPWD,11.94,18,2021-04-30,1.265,0.779,0.765,0.257,7.7,High
PRJ0675,Irrigation,NHAI,42.53,60,2021-11-09,1.034,0.997,0.819,0.215,16.4,Medium
PRJ0676,Power,NTPC,61.67,48,2022-10-12,0.686,0.515,0.456,0.186,12.7,Medium
PRJ0677,Railways,NHAI,21.29,24,2023-04-08,0.565,0.357,0.294,0.221,8.7,Medium
PRJ0678,Roads & Highways,Indian Railways,323.76,60,2022-11-27,0.964,0.769,0.549,0.247,23.5,High
PRJ0679,Urban Infrastructure,NTPC,14.07,24,2021-11-22,0.79,0.738,0.585,0.202,8.2,Medium
PRJ0680,Urban Infrastructure,NHAI,4.28,36,2020-12-11,1.011,0.667,0.685,0.255,10.8,Medium
PRJ0681,Roads & Highways,CPWD,50.91,48,2021-08-07,1.323,1.05,0.915,0.12,18.7,Medium
PRJ0682,Roads & Highways,Indian Railways,40.85,60,2023-08-25,0.872,0.76,0.739,0.135,8.3,Medium
PRJ0683,Power,Indian Railways,63.78,24,2019-01-25,0.321,0.318,0.247,0.177,3.7,Medium
PRJ0684,Urban Infrastructure,State PWD,56.14,24,2022-03-12,0.32,0.276,0.253,0.1,2.6,Low
PRJ0685,Urban Infrastructure,NHAI,69.89,12,2020-10-04,0.952,0.889,0.636,0.218,4.5,Medium
PRJ0686,Urban Infrastructure,State PWD,40.27,60,2023-11-29,0.51,0.37,0.322,0.173,16.3,Medium
PRJ0687,Irrigation,Municipal Corporation,86.54,24,2019-12-11,0.869,0.837,0.821,0.2,3.9,Medium
PRJ0688,Urban Infrastructure,State PWD,34.61,12,2021-08-19,1.267,0.968,0.841,0.205,4.4,Medium
PRJ0689,Railways,NTPC,77.56,24,2021-08-06,1.14,0.687,0.701,0.315,12.7,High
PRJ0690,Power,NHAI,123.48,24,2021-10-25,0.351,0.298,0.274,0.195,5.5,Medium
PRJ0691,Irrigation,NHAI,172.71,18,2020-05-19,1.203,1.003,0.88,0.21,8.4,High
PRJ0692,Roads & Highways,State PWD,20.25,36,2019-05-07,1.251,1.001,0.854,0.261,15.5,High
PRJ0693,Power,CPWD,22.24,60,2023-01-12,0.681,0.629,0.518,0.242,13.2,Medium
PRJ0694,Urban Infrastructure,Indian Railways,525.5,18,2023-11-02,0.448,0.325,0.283,0.118,0.7,Low
PRJ0695,Railways,NHAI,33.79,60,2019-07-23,1.133,1.023,1.006,0.187,13.2,Medium
PRJ0696,Irrigation,NTPC,98.13,24,2020-04-22,1.108,0.946,0.952,0.214,2.9,Medium
PRJ0697,Power,Municipal Corporation,43.29,18,2020-04-25,0.86,0.567,0.518,0.315,9.4,High
PRJ0698,Urban Infrastructure,NTPC,97.16,24,2023-10-19,0.783,0.639,0.664,0.18,3.3,Medium
PRJ0699,Railways,Municipal Corporation,6.82,24,2019-05-12,1.141,0.815,0.823,0.303,7.7,High
PRJ0700,Railways,NHAI,36.66,24,2023-01-14,1.296,0.84,0.744,0.368,14.2,High
PRJ0701,Railways,NHAI,81.28,60,2020-04-22,1.294,0.943,0.842,0.325,28.6,High
PRJ0702,Power,NTPC,362.99,18,2022-04-20,0.3,0.277,0.202,0.225,1.5,Medium
PRJ0703,Railways,State PWD,68.74,24,2022-10-06,1.392,1.202,0.863,0.298,15.1,High
PRJ0704,Roads & Highways,NHAI,61.64,60,2023-09-06,0.91,0.67,0.695,0.11,13.8,Medium
PRJ0705,Roads & Highways,Indian Railways,4.5,36,2019-08-21,0.773,0.549,0.555,0.125,7.5,Medium
PRJ0706,Urban Infrastructure,NHAI,139.56,12,2023-10-07,0.879,0.634,0.524,0.222,3.8,Medium
PRJ0707,Roads & Highways,NHAI,68.41,24,2022-06-19,0.375,0.254,0.197,0.057,3.6,Low
PRJ0708,Roads & Highways,NTPC,105.78,60,2021-07-22,0.688,0.477,0.342,0.23,18.0,Medium
PRJ0709,Power,Municipal Corporation,316.8,24,2021-07-11,0.595,0.465,0.402,0.219,6.7,Medium
PRJ0710,Irrigation,CPWD,63.65,12,2021-06-12,0.899,0.6,0.58,0.267,4.1,High
PRJ0711,Urban Infrastructure,NHAI,15.59,18,2022-08-10,0.47,0.442,0.389,0.203,2.9,Medium
PRJ0712,Railways,Municipal Corporation,26.87,18,2021-01-30,0.628,0.443,0.335,0.193,5.4,Medium
PRJ0713,Roads & Highways,NTPC,13.81,60,2021-10-07,1.056,0.771,0.565,0.192,29.7,High
PRJ0714,Irrigation,CPWD,19.28,24,2021-10-04,1.113,1.029,0.767,0.297,7.1,Medium
PRJ0715,Urban Infrastructure,CPWD,8.25,18,2022-04-20,1.368,0.917,0.833,0.175,6.7,Medium
PRJ0716,Urban Infrastructure,NHAI,5.28,48,2021-05-23,0.898,0.648,0.495,0.214,18.1,Medium
PRJ0717,Irrigation,Municipal Corporation,11.94,24,2020-10-23,0.411,0.297,0.277,0.106,3.4,Medium
PRJ0718,Power,State PWD,157.06,24,2023-01-11,1.227,0.992,0.993,0.245,7.3,Medium
PRJ0719,Roads & Highways,CPWD,102.55,36,2019-10-30,1.217,0.825,0.835,0.219,15.9,High
PRJ0720,Power,NHAI,33.0,12,2020-06-07,1.382,1.3,1.056,0.215,4.6,Medium
PRJ0721,Urban Infrastructure,NHAI,183.23,36,2022-01-10,0.668,0.619,0.442,0.174,9.1,Medium
PRJ0722,Roads & Highways,State PWD,181.45,48,2019-09-10,0.899,0.542,0.397,0.243,21.9,High
PRJ0723,Power,State PWD,343.26,24,2023-09-27,0.959,0.885,0.654,0.25,5.9,Medium
PRJ0724,Urban Infrastructure,Indian Railways,17.39,18,2021-12-22,0.854,0.809,0.836,0.117,0.0,Low
PRJ0725,Irrigation,NHAI,143.52,18,2022-05-11,0.579,0.552,0.495,0.176,2.4,Medium
PRJ0726,Irrigation,Indian Railways,27.1,36,2023-01-17,0.614,0.427,0.417,0.207,8.9,Medium
PRJ0727,Roads & Highways,Indian Railways,344.05,24,2022-01-07,0.944,0.773,0.714,0.228,5.2,Medium
PRJ0728,Power,NHAI,43.69,18,2021-06-19,1.224,1.078,1.052,0.147,1.8,Medium
PRJ0729,Roads & Highways,NHAI,63.45,18,2019-03-26,1.157,0.811,0.804,0.182,6.5,Medium
PRJ0730,Railways,Municipal Corporation,62.14,48,2021-08-13,0.581,0.505,0.45,0.246,8.9,Medium
PRJ0731,Power,State PWD,79.18,24,2023-05-29,1.312,0.816,0.806,0.263,12.1,High
PRJ0732,Urban Infrastructure,CPWD,36.01,36,2020-06-20,0.753,0.519,0.533,0.278,8.5,Medium
PRJ0733,Roads & Highways,NTPC,60.56,36,2021-01-21,1.104,0.893,0.648,0.154,15.8,Medium
PRJ0734,Power,Indian Railways,35.4,60,2023-05-16,1.191,0.893,0.698,0.236,31.6,High
PRJ0735,Power,Indian Railways,26.02,60,2023-02-22,1.232,1.12,1.129,0.233,11.9,Medium
PRJ0736,Irrigation,NHAI,217.32,48,2021-05-01,0.343,0.293,0.211,0.265,8.9,Medium
PRJ0737,Urban Infrastructure,NHAI,21.32,36,2020-11-02,0.46,0.351,0.259,0.219,7.5,Medium
PRJ0738,Railways,CPWD,60.17,60,2022-04-16,0.348,0.254,0.234,0.122,12.2,Medium
PRJ0739,Railways,State PWD,94.89,24,2019-12-27,0.652,0.545,0.395,0.218,8.8,Medium
PRJ0740,Roads & Highways,Municipal Corporation,121.65,36,2022-04-19,0.825,0.707,0.504,0.249,12.1,Medium
PRJ0741,Roads & Highways,CPWD,12.43,36,2022-06-01,1.258,0.927,0.899,0.129,13.9,Medium
PRJ0742,Power,Indian Railways,65.08,24,2021-11-06,1.124,1.108,0.804,0.359,9.6,High
PRJ0743,Power,State PWD,7.76,18,2022-01-22,1.091,0.903,0.866,0.208,3.6,Medium
PRJ0744,Power,NTPC,69.82,48,2023-06-04,0.591,0.523,0.384,0.219,12.2,Medium
PRJ0745,Urban Infrastructure,Municipal Corporation,37.0,12,2020-08-11,0.781,0.556,0.502,0.176,2.3,Medium
PRJ0746,Irrigation,State PWD,87.89,12,2021-01-03,0.495,0.319,0.286,0.314,2.4,Medium
PRJ0747,Power,NTPC,31.46,60,2020-11-24,0.676,0.642,0.576,0.205,13.7,Medium
PRJ0748,Urban Infrastructure,State PWD,62.87,12,2022-12-21,1.389,1.043,0.892,0.303,5.3,High
PRJ0749,Urban Infrastructure,CPWD,134.91,18,2023-05-07,1.281,0.869,0.795,0.207,8.0,High
PRJ0750,Urban Infrastructure,State PWD,23.35,36,2022-01-29,0.611,0.459,0.338,0.175,13.1,Medium
PRJ0751,Irrigation,CPWD,22.59,18,2019-02-16,0.675,0.622,0.631,0.118,0.0,Low
PRJ0752,Urban Infrastructure,NHAI,195.5,36,2020-05-31,0.623,0.473,0.473,0.278,6.9,Medium
PRJ0753,Power,NTPC,112.44,18,2019-09-22,1.241,1.083,0.829,0.283,9.1,High
PRJ0754,Irrigation,NHAI,26.98,36,2020-07-27,0.719,0.717,0.564,0.265,8.5,Medium
PRJ0755,Railways,NHAI,396.23,24,2021-04-07,0.699,0.583,0.536,0.234,5.3,Medium
PRJ0756,Railways,NHAI,68.3,24,2022-07-11,0.912,0.859,0.881,0.188,1.7,Medium
PRJ0757,Urban Infrastructure,NHAI,18.48,48,2019-03-06,0.881,0.762,0.589,0.164,10.9,Medium
PRJ0758,Power,Indian Railways,22.61,36,2019-08-26,1.048,0.982,0.766,0.161,13.0,Medium
PRJ0759,Urban Infrastructure,NTPC,2.76,24,2020-02-21,0.45,0.305,0.22,0.151,3.9,Medium
PRJ0760,Urban Infrastructure,Indian Railways,168.13,24,2023-11-07,0.628,0.527,0.512,0.122,5.6,Medium
PRJ0761,Roads & Highways,Indian Railways,10.85,24,2021-01-18,1.121,0.715,0.629,0.188,10.4,High
PRJ0762,Power,NTPC,1256.21,60,2021-05-17,0.928,0.864,0.688,0.371,17.2,High
PRJ0763,Power,Municipal Corporation,10.67,24,2020-08-07,1.16,1.048,0.909,0.126,7.2,Medium
PRJ0764,Roads & Highways,Municipal Corporation,43.33,24,2023-05-05,0.754,0.615,0.441,0.129,7.9,Medium
PRJ0765,Power,State PWD,381.35,36,2019-11-18,0.388,0.378,0.299,0.195,5.4,Medium
PRJ0766,Urban Infrastructure,State PWD,94.4,18,2023-10-26,0.341,0.265,0.196,0.253,4.6,Medium
PRJ0767,Roads & Highways,NHAI,108.86,18,2019-11-05,0.387,0.339,0.331,0.171,3.0,Medium
PRJ0768,Urban Infrastructure,State PWD,23.29,18,2023-11-03,1.288,0.839,0.595,0.322,13.6,High
PRJ0769,Power,Indian Railways,44.13,18,2019-02-04,0.339,0.328,0.27,0.17,2.5,Medium
PRJ0770,Irrigation,CPWD,51.55,18,2020-01-15,1.057,0.727,0.621,0.313,9.3,High
PRJ0771,Power,State PWD,95.21,36,2020-02-16,0.601,0.437,0.323,0.26,10.5,Medium
PRJ0772,Urban Infrastructure,NHAI,25.85,36,2022-08-16,0.634,0.468,0.49,0.131,5.4,Medium
PRJ0773,Urban Infrastructure,Municipal Corporation,140.79,12,2023-02-19,0.793,0.678,0.527,0.141,5.0,Medium
PRJ0774,Railways,CPWD,120.06,36,2021-04-01,1.284,1.026,1.02,0.25,14.1,High
PRJ0775,Urban Infrastructure,NTPC,203.48,18,2021-08-01,1.187,0.88,0.814,0.217,6.0,Medium
PRJ0776,Irrigation,CPWD,39.75,36,2020-04-29,1.193,0.97,0.697,0.326,18.2,High
PRJ0777,Railways,NTPC,19.72,36,2019-02-26,1.257,0.824,0.614,0.339,24.5,High
PRJ0778,Roads & Highways,NTPC,108.45,18,2020-02-27,0.829,0.68,0.627,0.152,3.4,Medium
PRJ0779,Roads & Highways,NHAI,26.26,12,2022-07-11,0.376,0.275,0.22,0.087,4.7,Medium
PRJ0780,Railways,Indian Railways,85.0,24,2020-07-18,0.456,0.313,0.23,0.309,9.3,High
PRJ0781,Roads & Highways,CPWD,45.2,24,2023-10-23,0.886,0.852,0.621,0.21,6.0,Medium
PRJ0782,Roads & Highways,Municipal Corporation,12.54,48,2023-11-14,0.728,0.45,0.442,0.091,14.3,Medium
PRJ0783,Railways,Municipal Corporation,137.93,24,2020-07-03,1.371,1.186,1.0,0.338,11.6,High
PRJ0784,Urban Infrastructure,NTPC,19.75,18,2021-08-11,0.619,0.527,0.391,0.096,5.9,Medium
PRJ0785,Irrigation,NTPC,122.9,36,2023-10-14,0.711,0.62,0.448,0.215,12.3,Medium
PRJ0786,Power,Indian Railways,49.0,48,2021-01-17,0.743,0.457,0.408,0.212,18.4,Medium
PRJ0787,Power,NTPC,15.63,24,2023-01-22,0.413,0.404,0.395,0.117,3.7,Medium
PRJ0788,Urban Infrastructure,CPWD,21.19,24,2022-11-10,1.359,0.884,0.749,0.14,12.9,High
PRJ0789,Power,CPWD,12.43,48,2022-12-15,0.835,0.601,0.555,0.209,14.3,Medium
PRJ0790,Power,NTPC,23.1,12,2019-06-20,0.307,0.203,0.147,0.173,1.9,Medium
PRJ0791,Irrigation,State PWD,4.58,48,2020-12-11,0.669,0.457,0.38,0.25,18.2,High
PRJ0792,Irrigation,NTPC,14.92,36,2019-01-06,1.324,0.853,0.718,0.297,23.7,High
PRJ0793,Roads & Highways,NHAI,21.44,18,2022-10-01,0.317,0.261,0.218,0.085,6.7,Medium
PRJ0794,Railways,Municipal Corporation,75.8,36,2023-07-30,1.185,0.788,0.62,0.286,20.1,High
PRJ0795,Roads & Highways,Indian Railways,74.3,18,2019-07-19,0.787,0.552,0.562,0.053,6.1,Medium
PRJ0796,Irrigation,NTPC,141.86,18,2021-11-29,1.305,1.199,1.2,0.151,6.2,Medium
PRJ0797,Railways,NHAI,57.64,36,2019-06-04,0.502,0.453,0.321,0.247,7.9,Medium
PRJ0798,Roads & Highways,Municipal Corporation,261.67,18,2019-07-14,0.377,0.315,0.278,0.16,5.0,Medium
PRJ0799,Roads & Highways,NHAI,14.87,18,2019-02-15,1.095,1.012,0.991,0.129,3.6,Medium
PRJ0800,Irrigation,Indian Railways,76.03,24,2022-11-13,0.403,0.325,0.323,0.146,5.2,Medium
